"","Cell","Cell_type"
"1","C_1","B cell"
"2","C_2","B cell"
"3","C_3","B cell"
"4","C_4","B cell"
"5","C_5","B cell"
"6","C_6","B cell"
"7","C_7","B cell"
"8","C_8","B cell"
"9","C_9","B cell"
"10","C_10","B cell"
"11","C_11","B cell"
"12","C_12","B cell"
"13","C_13","B cell"
"14","C_14","B cell"
"15","C_15","B cell"
"16","C_16","B cell"
"17","C_17","B cell"
"18","C_18","B cell"
"19","C_19","B cell"
"20","C_20","B cell"
"21","C_21","B cell"
"22","C_22","B cell"
"23","C_23","B cell"
"24","C_24","B cell"
"25","C_25","B cell"
"26","C_26","B cell"
"27","C_27","B cell"
"28","C_28","B cell"
"29","C_29","B cell"
"30","C_30","B cell"
"31","C_31","B cell"
"32","C_32","B cell"
"33","C_33","B cell"
"34","C_34","B cell"
"35","C_35","B cell"
"36","C_36","B cell"
"37","C_37","B cell"
"38","C_38","B cell"
"39","C_39","B cell"
"40","C_40","B cell"
"41","C_41","B cell"
"42","C_42","B cell"
"43","C_43","B cell"
"44","C_44","B cell"
"45","C_45","B cell"
"46","C_46","B cell"
"47","C_47","B cell"
"48","C_48","B cell"
"49","C_49","B cell"
"50","C_50","B cell"
"51","C_51","B cell"
"52","C_52","B cell"
"53","C_53","B cell"
"54","C_54","B cell"
"55","C_55","B cell"
"56","C_56","B cell"
"57","C_57","B cell"
"58","C_58","B cell"
"59","C_59","B cell"
"60","C_60","B cell"
"61","C_61","B cell"
"62","C_62","B cell"
"63","C_63","B cell"
"64","C_64","B cell"
"65","C_65","B cell"
"66","C_66","B cell"
"67","C_67","B cell"
"68","C_68","B cell"
"69","C_69","B cell"
"70","C_70","B cell"
"71","C_71","B cell"
"72","C_72","B cell"
"73","C_73","B cell"
"74","C_74","B cell"
"75","C_75","B cell"
"76","C_76","B cell"
"77","C_77","B cell"
"78","C_78","B cell"
"79","C_79","B cell"
"80","C_80","B cell"
"81","C_81","B cell"
"82","C_82","B cell"
"83","C_83","B cell"
"84","C_84","B cell"
"85","C_85","B cell"
"86","C_86","B cell"
"87","C_87","B cell"
"88","C_88","B cell"
"89","C_89","B cell"
"90","C_90","B cell"
"91","C_91","B cell"
"92","C_92","B cell"
"93","C_93","B cell"
"94","C_94","B cell"
"95","C_95","B cell"
"96","C_96","B cell"
"97","C_97","B cell"
"98","C_98","B cell"
"99","C_99","B cell"
"100","C_100","B cell"
"101","C_101","B cell"
"102","C_102","B cell"
"103","C_103","B cell"
"104","C_104","B cell"
"105","C_105","B cell"
"106","C_106","B cell"
"107","C_107","B cell"
"108","C_108","B cell"
"109","C_109","B cell"
"110","C_110","B cell"
"111","C_111","B cell"
"112","C_112","B cell"
"113","C_113","B cell"
"114","C_114","B cell"
"115","C_115","B cell"
"116","C_116","B cell"
"117","C_117","B cell"
"118","C_118","B cell"
"119","C_119","B cell"
"120","C_120","B cell"
"121","C_121","B cell"
"122","C_122","B cell"
"123","C_123","B cell"
"124","C_124","B cell"
"125","C_125","B cell"
"126","C_126","B cell"
"127","C_127","B cell"
"128","C_128","B cell"
"129","C_129","B cell"
"130","C_130","B cell"
"131","C_131","B cell"
"132","C_132","B cell"
"133","C_133","B cell"
"134","C_134","B cell"
"135","C_135","B cell"
"136","C_136","B cell"
"137","C_137","B cell"
"138","C_138","B cell"
"139","C_139","B cell"
"140","C_140","B cell"
"141","C_141","B cell"
"142","C_142","B cell"
"143","C_143","B cell"
"144","C_144","B cell"
"145","C_145","B cell"
"146","C_146","B cell"
"147","C_147","B cell"
"148","C_148","B cell"
"149","C_149","B cell"
"150","C_150","B cell"
"151","C_151","B cell"
"152","C_152","B cell"
"153","C_153","B cell"
"154","C_154","B cell"
"155","C_155","B cell"
"156","C_156","B cell"
"157","C_157","B cell"
"158","C_158","B cell"
"159","C_159","B cell"
"160","C_160","B cell"
"161","C_161","B cell"
"162","C_162","B cell"
"163","C_163","B cell"
"164","C_164","B cell"
"165","C_165","B cell"
"166","C_166","B cell"
"167","C_167","B cell"
"168","C_168","B cell"
"169","C_169","B cell"
"170","C_170","B cell"
"171","C_171","B cell"
"172","C_172","B cell"
"173","C_173","B cell"
"174","C_174","B cell"
"175","C_175","B cell"
"176","C_176","B cell"
"177","C_177","B cell"
"178","C_178","B cell"
"179","C_179","B cell"
"180","C_180","B cell"
"181","C_181","B cell"
"182","C_182","B cell"
"183","C_183","B cell"
"184","C_184","B cell"
"185","C_185","B cell"
"186","C_186","B cell"
"187","C_187","B cell"
"188","C_188","B cell"
"189","C_189","B cell"
"190","C_190","B cell"
"191","C_191","B cell"
"192","C_192","B cell"
"193","C_193","B cell"
"194","C_194","B cell"
"195","C_195","B cell"
"196","C_196","B cell"
"197","C_197","B cell"
"198","C_198","B cell"
"199","C_199","B cell"
"200","C_200","B cell"
"201","C_201","B cell"
"202","C_202","B cell"
"203","C_203","B cell"
"204","C_204","B cell"
"205","C_205","B cell"
"206","C_206","B cell"
"207","C_207","B cell"
"208","C_208","B cell"
"209","C_209","B cell"
"210","C_210","B cell"
"211","C_211","B cell"
"212","C_212","B cell"
"213","C_213","B cell"
"214","C_214","B cell"
"215","C_215","B cell"
"216","C_216","B cell"
"217","C_217","B cell"
"218","C_218","B cell"
"219","C_219","B cell"
"220","C_220","B cell"
"221","C_221","B cell"
"222","C_222","B cell"
"223","C_223","B cell"
"224","C_224","B cell"
"225","C_225","B cell"
"226","C_226","B cell"
"227","C_227","B cell"
"228","C_228","B cell"
"229","C_229","B cell"
"230","C_230","B cell"
"231","C_231","B cell"
"232","C_232","B cell"
"233","C_233","B cell"
"234","C_234","B cell"
"235","C_235","B cell"
"236","C_236","B cell"
"237","C_237","B cell"
"238","C_238","B cell"
"239","C_239","B cell"
"240","C_240","B cell"
"241","C_241","B cell"
"242","C_242","B cell"
"243","C_243","B cell"
"244","C_244","B cell"
"245","C_245","B cell"
"246","C_246","B cell"
"247","C_247","B cell"
"248","C_248","B cell"
"249","C_249","B cell"
"250","C_250","B cell"
"251","C_251","B cell"
"252","C_252","B cell"
"253","C_253","B cell"
"254","C_254","B cell"
"255","C_255","B cell"
"256","C_256","B cell"
"257","C_257","B cell"
"258","C_258","B cell"
"259","C_259","B cell"
"260","C_260","B cell"
"261","C_261","B cell"
"262","C_262","B cell"
"263","C_263","B cell"
"264","C_264","B cell"
"265","C_265","B cell"
"266","C_266","B cell"
"267","C_267","B cell"
"268","C_268","B cell"
"269","C_269","B cell"
"270","C_270","B cell"
"271","C_271","B cell"
"272","C_272","B cell"
"273","C_273","B cell"
"274","C_274","B cell"
"275","C_275","B cell"
"276","C_276","B cell"
"277","C_277","B cell"
"278","C_278","B cell"
"279","C_279","B cell"
"280","C_280","B cell"
"281","C_281","B cell"
"282","C_282","B cell"
"283","C_283","B cell"
"284","C_284","B cell"
"285","C_285","B cell"
"286","C_286","B cell"
"287","C_287","B cell"
"288","C_288","B cell"
"289","C_289","B cell"
"290","C_290","B cell"
"291","C_291","B cell"
"292","C_292","B cell"
"293","C_293","B cell"
"294","C_294","B cell"
"295","C_295","B cell"
"296","C_296","B cell"
"297","C_297","B cell"
"298","C_298","B cell"
"299","C_299","B cell"
"300","C_300","B cell"
"301","C_301","B cell"
"302","C_302","B cell"
"303","C_303","B cell"
"304","C_304","B cell"
"305","C_305","B cell"
"306","C_306","B cell"
"307","C_307","B cell"
"308","C_308","B cell"
"309","C_309","B cell"
"310","C_310","B cell"
"311","C_311","B cell"
"312","C_312","B cell"
"313","C_313","B cell"
"314","C_314","B cell"
"315","C_315","B cell"
"316","C_316","B cell"
"317","C_317","B cell"
"318","C_318","B cell"
"319","C_319","B cell"
"320","C_320","B cell"
"321","C_321","B cell"
"322","C_322","B cell"
"323","C_323","B cell"
"324","C_324","B cell"
"325","C_325","B cell"
"326","C_326","B cell"
"327","C_327","B cell"
"328","C_328","B cell"
"329","C_329","B cell"
"330","C_330","B cell"
"331","C_331","B cell"
"332","C_332","B cell"
"333","C_333","B cell"
"334","C_334","B cell"
"335","C_335","B cell"
"336","C_336","B cell"
"337","C_337","B cell"
"338","C_338","B cell"
"339","C_339","B cell"
"340","C_340","B cell"
"341","C_341","B cell"
"342","C_342","B cell"
"343","C_343","B cell"
"344","C_344","B cell"
"345","C_345","B cell"
"346","C_346","B cell"
"347","C_347","B cell"
"348","C_348","B cell"
"349","C_349","B cell"
"350","C_350","B cell"
"351","C_351","B cell"
"352","C_352","B cell"
"353","C_353","B cell"
"354","C_354","B cell"
"355","C_355","B cell"
"356","C_356","B cell"
"357","C_357","B cell"
"358","C_358","B cell"
"359","C_359","B cell"
"360","C_360","B cell"
"361","C_361","B cell"
"362","C_362","B cell"
"363","C_363","B cell"
"364","C_364","B cell"
"365","C_365","B cell"
"366","C_366","B cell"
"367","C_367","B cell"
"368","C_368","B cell"
"369","C_369","B cell"
"370","C_370","B cell"
"371","C_371","B cell"
"372","C_372","B cell"
"373","C_373","B cell"
"374","C_374","B cell"
"375","C_375","B cell"
"376","C_376","B cell"
"377","C_377","T cell"
"378","C_378","T cell"
"379","C_379","T cell"
"380","C_380","T cell"
"381","C_381","T cell"
"382","C_382","T cell"
"383","C_383","T cell"
"384","C_384","T cell"
"385","C_385","T cell"
"386","C_386","T cell"
"387","C_387","T cell"
"388","C_388","T cell"
"389","C_389","T cell"
"390","C_390","T cell"
"391","C_391","T cell"
"392","C_392","T cell"
"393","C_393","T cell"
"394","C_394","T cell"
"395","C_395","T cell"
"396","C_396","T cell"
"397","C_397","T cell"
"398","C_398","T cell"
"399","C_399","T cell"
"400","C_400","T cell"
"401","C_401","T cell"
"402","C_402","T cell"
"403","C_403","T cell"
"404","C_404","T cell"
"405","C_405","T cell"
"406","C_406","T cell"
"407","C_407","T cell"
"408","C_408","T cell"
"409","C_409","T cell"
"410","C_410","T cell"
"411","C_411","T cell"
"412","C_412","T cell"
"413","C_413","T cell"
"414","C_414","T cell"
"415","C_415","T cell"
"416","C_416","T cell"
"417","C_417","T cell"
"418","C_418","T cell"
"419","C_419","T cell"
"420","C_420","T cell"
"421","C_421","T cell"
"422","C_422","T cell"
"423","C_423","T cell"
"424","C_424","T cell"
"425","C_425","T cell"
"426","C_426","T cell"
"427","C_427","T cell"
"428","C_428","T cell"
"429","C_429","T cell"
"430","C_430","T cell"
"431","C_431","T cell"
"432","C_432","T cell"
"433","C_433","T cell"
"434","C_434","T cell"
"435","C_435","T cell"
"436","C_436","T cell"
"437","C_437","T cell"
"438","C_438","T cell"
"439","C_439","T cell"
"440","C_440","T cell"
"441","C_441","T cell"
"442","C_442","T cell"
"443","C_443","T cell"
"444","C_444","T cell"
"445","C_445","T cell"
"446","C_446","T cell"
"447","C_447","T cell"
"448","C_448","T cell"
"449","C_449","T cell"
"450","C_450","T cell"
"451","C_451","T cell"
"452","C_452","T cell"
"453","C_453","T cell"
"454","C_454","T cell"
"455","C_455","T cell"
"456","C_456","T cell"
"457","C_457","T cell"
"458","C_458","T cell"
"459","C_459","T cell"
"460","C_460","T cell"
"461","C_461","T cell"
"462","C_462","T cell"
"463","C_463","T cell"
"464","C_464","T cell"
"465","C_465","T cell"
"466","C_466","T cell"
"467","C_467","T cell"
"468","C_468","T cell"
"469","C_469","T cell"
"470","C_470","T cell"
"471","C_471","T cell"
"472","C_472","T cell"
"473","C_473","T cell"
"474","C_474","T cell"
"475","C_475","T cell"
"476","C_476","T cell"
"477","C_477","T cell"
"478","C_478","T cell"
"479","C_479","T cell"
"480","C_480","T cell"
"481","C_481","T cell"
"482","C_482","T cell"
"483","C_483","T cell"
"484","C_484","T cell"
"485","C_485","T cell"
"486","C_486","T cell"
"487","C_487","T cell"
"488","C_488","T cell"
"489","C_489","T cell"
"490","C_490","T cell"
"491","C_491","T cell"
"492","C_492","T cell"
"493","C_493","T cell"
"494","C_494","T cell"
"495","C_495","T cell"
"496","C_496","T cell"
"497","C_497","T cell"
"498","C_498","T cell"
"499","C_499","T cell"
"500","C_500","T cell"
"501","C_501","T cell"
"502","C_502","T cell"
"503","C_503","T cell"
"504","C_504","T cell"
"505","C_505","T cell"
"506","C_506","T cell"
"507","C_507","T cell"
"508","C_508","T cell"
"509","C_509","T cell"
"510","C_510","T cell"
"511","C_511","T cell"
"512","C_512","T cell"
"513","C_513","T cell"
"514","C_514","T cell"
"515","C_515","T cell"
"516","C_516","T cell"
"517","C_517","T cell"
"518","C_518","T cell"
"519","C_519","T cell"
"520","C_520","T cell"
"521","C_521","T cell"
"522","C_522","T cell"
"523","C_523","T cell"
"524","C_524","T cell"
"525","C_525","T cell"
"526","C_526","T cell"
"527","C_527","T cell"
"528","C_528","T cell"
"529","C_529","T cell"
"530","C_530","T cell"
"531","C_531","T cell"
"532","C_532","T cell"
"533","C_533","T cell"
"534","C_534","T cell"
"535","C_535","T cell"
"536","C_536","T cell"
"537","C_537","T cell"
"538","C_538","T cell"
"539","C_539","T cell"
"540","C_540","T cell"
"541","C_541","T cell"
"542","C_542","T cell"
"543","C_543","T cell"
"544","C_544","T cell"
"545","C_545","T cell"
"546","C_546","T cell"
"547","C_547","T cell"
"548","C_548","T cell"
"549","C_549","T cell"
"550","C_550","T cell"
"551","C_551","T cell"
"552","C_552","T cell"
"553","C_553","T cell"
"554","C_554","T cell"
"555","C_555","T cell"
"556","C_556","T cell"
"557","C_557","T cell"
"558","C_558","T cell"
"559","C_559","T cell"
"560","C_560","T cell"
"561","C_561","T cell"
"562","C_562","T cell"
"563","C_563","T cell"
"564","C_564","T cell"
"565","C_565","T cell"
"566","C_566","T cell"
"567","C_567","T cell"
"568","C_568","T cell"
"569","C_569","T cell"
"570","C_570","T cell"
"571","C_571","T cell"
"572","C_572","T cell"
"573","C_573","T cell"
"574","C_574","T cell"
"575","C_575","T cell"
"576","C_576","T cell"
"577","C_577","T cell"
"578","C_578","T cell"
"579","C_579","T cell"
"580","C_580","T cell"
"581","C_581","T cell"
"582","C_582","T cell"
"583","C_583","T cell"
"584","C_584","T cell"
"585","C_585","T cell"
"586","C_586","T cell"
"587","C_587","T cell"
"588","C_588","T cell"
"589","C_589","T cell"
"590","C_590","T cell"
"591","C_591","T cell"
"592","C_592","T cell"
"593","C_593","T cell"
"594","C_594","T cell"
"595","C_595","T cell"
"596","C_596","T cell"
"597","C_597","T cell"
"598","C_598","T cell"
"599","C_599","T cell"
"600","C_600","T cell"
"601","C_601","T cell"
"602","C_602","T cell"
"603","C_603","T cell"
"604","C_604","T cell"
"605","C_605","T cell"
"606","C_606","T cell"
"607","C_607","T cell"
"608","C_608","T cell"
"609","C_609","T cell"
"610","C_610","T cell"
"611","C_611","T cell"
"612","C_612","T cell"
"613","C_613","T cell"
"614","C_614","T cell"
"615","C_615","T cell"
"616","C_616","T cell"
"617","C_617","T cell"
"618","C_618","T cell"
"619","C_619","T cell"
"620","C_620","T cell"
"621","C_621","T cell"
"622","C_622","T cell"
"623","C_623","T cell"
"624","C_624","T cell"
"625","C_625","T cell"
"626","C_626","T cell"
"627","C_627","T cell"
"628","C_628","T cell"
"629","C_629","T cell"
"630","C_630","T cell"
"631","C_631","T cell"
"632","C_632","T cell"
"633","C_633","T cell"
"634","C_634","T cell"
"635","C_635","T cell"
"636","C_636","T cell"
"637","C_637","T cell"
"638","C_638","T cell"
"639","C_639","T cell"
"640","C_640","T cell"
"641","C_641","T cell"
"642","C_642","T cell"
"643","C_643","T cell"
"644","C_644","T cell"
"645","C_645","T cell"
"646","C_646","T cell"
"647","C_647","T cell"
"648","C_648","T cell"
"649","C_649","T cell"
"650","C_650","T cell"
"651","C_651","T cell"
"652","C_652","T cell"
"653","C_653","T cell"
"654","C_654","T cell"
"655","C_655","T cell"
"656","C_656","T cell"
"657","C_657","T cell"
"658","C_658","T cell"
"659","C_659","T cell"
"660","C_660","T cell"
"661","C_661","T cell"
"662","C_662","T cell"
"663","C_663","T cell"
"664","C_664","T cell"
"665","C_665","T cell"
"666","C_666","T cell"
"667","C_667","T cell"
"668","C_668","T cell"
"669","C_669","T cell"
"670","C_670","T cell"
"671","C_671","T cell"
"672","C_672","T cell"
"673","C_673","T cell"
"674","C_674","T cell"
"675","C_675","T cell"
"676","C_676","T cell"
"677","C_677","T cell"
"678","C_678","T cell"
"679","C_679","T cell"
"680","C_680","T cell"
"681","C_681","T cell"
"682","C_682","T cell"
"683","C_683","T cell"
"684","C_684","T cell"
"685","C_685","T cell"
"686","C_686","T cell"
"687","C_687","T cell"
"688","C_688","T cell"
"689","C_689","T cell"
"690","C_690","T cell"
"691","C_691","T cell"
"692","C_692","T cell"
"693","C_693","T cell"
"694","C_694","T cell"
"695","C_695","T cell"
"696","C_696","T cell"
"697","C_697","T cell"
"698","C_698","T cell"
"699","C_699","T cell"
"700","C_700","T cell"
"701","C_701","T cell"
"702","C_702","T cell"
"703","C_703","T cell"
"704","C_704","T cell"
"705","C_705","T cell"
"706","C_706","T cell"
"707","C_707","T cell"
"708","C_708","T cell"
"709","C_709","T cell"
"710","C_710","T cell"
"711","C_711","T cell"
"712","C_712","T cell"
"713","C_713","T cell"
"714","C_714","T cell"
"715","C_715","T cell"
"716","C_716","T cell"
"717","C_717","T cell"
"718","C_718","T cell"
"719","C_719","T cell"
"720","C_720","T cell"
"721","C_721","T cell"
"722","C_722","T cell"
"723","C_723","T cell"
"724","C_724","T cell"
"725","C_725","T cell"
"726","C_726","T cell"
"727","C_727","T cell"
"728","C_728","T cell"
"729","C_729","T cell"
"730","C_730","T cell"
"731","C_731","T cell"
"732","C_732","T cell"
"733","C_733","T cell"
"734","C_734","T cell"
"735","C_735","T cell"
"736","C_736","T cell"
"737","C_737","T cell"
"738","C_738","T cell"
"739","C_739","T cell"
"740","C_740","T cell"
"741","C_741","T cell"
"742","C_742","T cell"
"743","C_743","T cell"
"744","C_744","T cell"
"745","C_745","T cell"
"746","C_746","T cell"
"747","C_747","T cell"
"748","C_748","T cell"
"749","C_749","T cell"
"750","C_750","T cell"
"751","C_751","T cell"
"752","C_752","T cell"
"753","C_753","T cell"
"754","C_754","T cell"
"755","C_755","T cell"
"756","C_756","T cell"
"757","C_757","T cell"
"758","C_758","T cell"
"759","C_759","T cell"
"760","C_760","T cell"
"761","C_761","T cell"
"762","C_762","T cell"
"763","C_763","T cell"
"764","C_764","T cell"
"765","C_765","T cell"
"766","C_766","T cell"
"767","C_767","T cell"
"768","C_768","T cell"
"769","C_769","T cell"
"770","C_770","T cell"
"771","C_771","T cell"
"772","C_772","T cell"
"773","C_773","T cell"
"774","C_774","T cell"
"775","C_775","T cell"
"776","C_776","T cell"
"777","C_777","T cell"
"778","C_778","T cell"
"779","C_779","T cell"
"780","C_780","T cell"
"781","C_781","T cell"
"782","C_782","T cell"
"783","C_783","T cell"
"784","C_784","T cell"
"785","C_785","T cell"
"786","C_786","T cell"
"787","C_787","T cell"
"788","C_788","T cell"
"789","C_789","T cell"
"790","C_790","T cell"
"791","C_791","T cell"
"792","C_792","T cell"
"793","C_793","T cell"
"794","C_794","T cell"
"795","C_795","T cell"
"796","C_796","T cell"
"797","C_797","T cell"
"798","C_798","T cell"
"799","C_799","T cell"
"800","C_800","T cell"
"801","C_801","T cell"
"802","C_802","T cell"
"803","C_803","T cell"
"804","C_804","T cell"
"805","C_805","T cell"
"806","C_806","T cell"
"807","C_807","T cell"
"808","C_808","T cell"
"809","C_809","T cell"
"810","C_810","T cell"
"811","C_811","T cell"
"812","C_812","T cell"
"813","C_813","T cell"
"814","C_814","T cell"
"815","C_815","T cell"
"816","C_816","T cell"
"817","C_817","T cell"
"818","C_818","T cell"
"819","C_819","T cell"
"820","C_820","T cell"
"821","C_821","T cell"
"822","C_822","T cell"
"823","C_823","T cell"
"824","C_824","T cell"
"825","C_825","T cell"
"826","C_826","T cell"
"827","C_827","T cell"
"828","C_828","T cell"
"829","C_829","T cell"
"830","C_830","T cell"
"831","C_831","T cell"
"832","C_832","T cell"
"833","C_833","T cell"
"834","C_834","T cell"
"835","C_835","T cell"
"836","C_836","T cell"
"837","C_837","T cell"
"838","C_838","T cell"
"839","C_839","T cell"
"840","C_840","T cell"
"841","C_841","T cell"
"842","C_842","T cell"
"843","C_843","T cell"
"844","C_844","T cell"
"845","C_845","T cell"
"846","C_846","T cell"
"847","C_847","T cell"
"848","C_848","T cell"
"849","C_849","T cell"
"850","C_850","T cell"
"851","C_851","T cell"
"852","C_852","T cell"
"853","C_853","T cell"
"854","C_854","T cell"
"855","C_855","T cell"
"856","C_856","T cell"
"857","C_857","T cell"
"858","C_858","T cell"
"859","C_859","T cell"
"860","C_860","T cell"
"861","C_861","T cell"
"862","C_862","T cell"
"863","C_863","T cell"
"864","C_864","T cell"
"865","C_865","T cell"
"866","C_866","T cell"
"867","C_867","T cell"
"868","C_868","T cell"
"869","C_869","T cell"
"870","C_870","T cell"
"871","C_871","T cell"
"872","C_872","T cell"
"873","C_873","T cell"
"874","C_874","T cell"
"875","C_875","T cell"
"876","C_876","T cell"
"877","C_877","T cell"
"878","C_878","T cell"
"879","C_879","T cell"
"880","C_880","T cell"
"881","C_881","T cell"
"882","C_882","T cell"
"883","C_883","T cell"
"884","C_884","T cell"
"885","C_885","T cell"
"886","C_886","T cell"
"887","C_887","T cell"
"888","C_888","T cell"
"889","C_889","T cell"
"890","C_890","T cell"
"891","C_891","T cell"
"892","C_892","T cell"
"893","C_893","T cell"
"894","C_894","T cell"
"895","C_895","T cell"
"896","C_896","T cell"
"897","C_897","T cell"
"898","C_898","T cell"
"899","C_899","T cell"
"900","C_900","T cell"
"901","C_901","T cell"
"902","C_902","T cell"
"903","C_903","T cell"
"904","C_904","T cell"
"905","C_905","T cell"
"906","C_906","T cell"
"907","C_907","T cell"
"908","C_908","T cell"
"909","C_909","T cell"
"910","C_910","T cell"
"911","C_911","T cell"
"912","C_912","T cell"
"913","C_913","T cell"
"914","C_914","T cell"
"915","C_915","T cell"
"916","C_916","T cell"
"917","C_917","T cell"
"918","C_918","T cell"
"919","C_919","T cell"
"920","C_920","T cell"
"921","C_921","T cell"
"922","C_922","T cell"
"923","C_923","T cell"
"924","C_924","T cell"
"925","C_925","T cell"
"926","C_926","T cell"
"927","C_927","T cell"
"928","C_928","T cell"
"929","C_929","T cell"
"930","C_930","T cell"
"931","C_931","T cell"
"932","C_932","T cell"
"933","C_933","T cell"
"934","C_934","T cell"
"935","C_935","T cell"
"936","C_936","T cell"
"937","C_937","T cell"
"938","C_938","T cell"
"939","C_939","T cell"
"940","C_940","T cell"
"941","C_941","T cell"
"942","C_942","T cell"
"943","C_943","T cell"
"944","C_944","T cell"
"945","C_945","T cell"
"946","C_946","T cell"
"947","C_947","T cell"
"948","C_948","T cell"
"949","C_949","T cell"
"950","C_950","T cell"
"951","C_951","T cell"
"952","C_952","T cell"
"953","C_953","T cell"
"954","C_954","T cell"
"955","C_955","T cell"
"956","C_956","T cell"
"957","C_957","T cell"
"958","C_958","T cell"
"959","C_959","T cell"
"960","C_960","T cell"
"961","C_961","T cell"
"962","C_962","T cell"
"963","C_963","T cell"
"964","C_964","T cell"
"965","C_965","T cell"
"966","C_966","T cell"
"967","C_967","T cell"
"968","C_968","T cell"
"969","C_969","T cell"
"970","C_970","T cell"
"971","C_971","T cell"
"972","C_972","T cell"
"973","C_973","T cell"
"974","C_974","T cell"
"975","C_975","T cell"
"976","C_976","T cell"
"977","C_977","T cell"
"978","C_978","T cell"
"979","C_979","T cell"
"980","C_980","T cell"
"981","C_981","T cell"
"982","C_982","T cell"
"983","C_983","T cell"
"984","C_984","T cell"
"985","C_985","T cell"
"986","C_986","T cell"
"987","C_987","T cell"
"988","C_988","T cell"
"989","C_989","T cell"
"990","C_990","T cell"
"991","C_991","T cell"
"992","C_992","T cell"
"993","C_993","T cell"
"994","C_994","T cell"
"995","C_995","T cell"
"996","C_996","T cell"
"997","C_997","T cell"
"998","C_998","T cell"
"999","C_999","T cell"
"1000","C_1000","T cell"
"1001","C_1001","T cell"
"1002","C_1002","T cell"
"1003","C_1003","T cell"
"1004","C_1004","T cell"
"1005","C_1005","T cell"
"1006","C_1006","T cell"
"1007","C_1007","T cell"
"1008","C_1008","T cell"
"1009","C_1009","T cell"
"1010","C_1010","T cell"
"1011","C_1011","T cell"
"1012","C_1012","T cell"
"1013","C_1013","T cell"
"1014","C_1014","T cell"
"1015","C_1015","T cell"
"1016","C_1016","T cell"
"1017","C_1017","T cell"
"1018","C_1018","T cell"
"1019","C_1019","T cell"
"1020","C_1020","T cell"
"1021","C_1021","T cell"
"1022","C_1022","T cell"
"1023","C_1023","T cell"
"1024","C_1024","T cell"
"1025","C_1025","T cell"
"1026","C_1026","T cell"
"1027","C_1027","T cell"
"1028","C_1028","T cell"
"1029","C_1029","T cell"
"1030","C_1030","T cell"
"1031","C_1031","T cell"
"1032","C_1032","T cell"
"1033","C_1033","T cell"
"1034","C_1034","T cell"
"1035","C_1035","T cell"
"1036","C_1036","T cell"
"1037","C_1037","T cell"
"1038","C_1038","T cell"
"1039","C_1039","T cell"
"1040","C_1040","T cell"
"1041","C_1041","T cell"
"1042","C_1042","T cell"
"1043","C_1043","T cell"
"1044","C_1044","T cell"
"1045","C_1045","T cell"
"1046","C_1046","T cell"
"1047","C_1047","T cell"
"1048","C_1048","T cell"
"1049","C_1049","T cell"
"1050","C_1050","T cell"
"1051","C_1051","T cell"
"1052","C_1052","T cell"
"1053","C_1053","T cell"
"1054","C_1054","T cell"
"1055","C_1055","T cell"
"1056","C_1056","T cell"
"1057","C_1057","T cell"
"1058","C_1058","T cell"
"1059","C_1059","T cell"
"1060","C_1060","T cell"
"1061","C_1061","T cell"
"1062","C_1062","T cell"
"1063","C_1063","T cell"
"1064","C_1064","T cell"
"1065","C_1065","T cell"
"1066","C_1066","T cell"
"1067","C_1067","T cell"
"1068","C_1068","T cell"
"1069","C_1069","T cell"
"1070","C_1070","T cell"
"1071","C_1071","T cell"
"1072","C_1072","T cell"
"1073","C_1073","T cell"
"1074","C_1074","T cell"
"1075","C_1075","T cell"
"1076","C_1076","T cell"
"1077","C_1077","T cell"
"1078","C_1078","T cell"
"1079","C_1079","T cell"
"1080","C_1080","T cell"
"1081","C_1081","T cell"
"1082","C_1082","T cell"
"1083","C_1083","T cell"
"1084","C_1084","T cell"
"1085","C_1085","T cell"
"1086","C_1086","T cell"
"1087","C_1087","T cell"
"1088","C_1088","T cell"
"1089","C_1089","T cell"
"1090","C_1090","T cell"
"1091","C_1091","T cell"
"1092","C_1092","T cell"
"1093","C_1093","T cell"
"1094","C_1094","T cell"
"1095","C_1095","T cell"
"1096","C_1096","T cell"
"1097","C_1097","T cell"
"1098","C_1098","T cell"
"1099","C_1099","T cell"
"1100","C_1100","T cell"
"1101","C_1101","T cell"
"1102","C_1102","T cell"
"1103","C_1103","T cell"
"1104","C_1104","T cell"
"1105","C_1105","T cell"
"1106","C_1106","T cell"
"1107","C_1107","T cell"
"1108","C_1108","T cell"
"1109","C_1109","T cell"
"1110","C_1110","T cell"
"1111","C_1111","T cell"
"1112","C_1112","T cell"
"1113","C_1113","T cell"
"1114","C_1114","T cell"
"1115","C_1115","T cell"
"1116","C_1116","T cell"
"1117","C_1117","T cell"
"1118","C_1118","T cell"
"1119","C_1119","T cell"
"1120","C_1120","T cell"
"1121","C_1121","T cell"
"1122","C_1122","T cell"
"1123","C_1123","T cell"
"1124","C_1124","T cell"
"1125","C_1125","T cell"
"1126","C_1126","T cell"
"1127","C_1127","T cell"
"1128","C_1128","T cell"
"1129","C_1129","T cell"
"1130","C_1130","T cell"
"1131","C_1131","T cell"
"1132","C_1132","T cell"
"1133","C_1133","T cell"
"1134","C_1134","T cell"
"1135","C_1135","T cell"
"1136","C_1136","T cell"
"1137","C_1137","T cell"
"1138","C_1138","T cell"
"1139","C_1139","T cell"
"1140","C_1140","T cell"
"1141","C_1141","T cell"
"1142","C_1142","T cell"
"1143","C_1143","T cell"
"1144","C_1144","T cell"
"1145","C_1145","T cell"
"1146","C_1146","T cell"
"1147","C_1147","T cell"
"1148","C_1148","T cell"
"1149","C_1149","T cell"
"1150","C_1150","T cell"
"1151","C_1151","T cell"
"1152","C_1152","T cell"
"1153","C_1153","T cell"
"1154","C_1154","T cell"
"1155","C_1155","T cell"
"1156","C_1156","T cell"
"1157","C_1157","T cell"
"1158","C_1158","T cell"
"1159","C_1159","T cell"
"1160","C_1160","T cell"
"1161","C_1161","T cell"
"1162","C_1162","T cell"
"1163","C_1163","T cell"
"1164","C_1164","T cell"
"1165","C_1165","T cell"
"1166","C_1166","T cell"
"1167","C_1167","T cell"
"1168","C_1168","T cell"
"1169","C_1169","T cell"
"1170","C_1170","T cell"
"1171","C_1171","T cell"
"1172","C_1172","T cell"
"1173","C_1173","T cell"
"1174","C_1174","T cell"
"1175","C_1175","T cell"
"1176","C_1176","T cell"
"1177","C_1177","T cell"
"1178","C_1178","T cell"
"1179","C_1179","T cell"
"1180","C_1180","T cell"
"1181","C_1181","T cell"
"1182","C_1182","T cell"
"1183","C_1183","T cell"
"1184","C_1184","T cell"
"1185","C_1185","T cell"
"1186","C_1186","T cell"
"1187","C_1187","T cell"
"1188","C_1188","T cell"
"1189","C_1189","T cell"
"1190","C_1190","T cell"
"1191","C_1191","T cell"
"1192","C_1192","T cell"
"1193","C_1193","T cell"
"1194","C_1194","T cell"
"1195","C_1195","T cell"
"1196","C_1196","T cell"
"1197","C_1197","T cell"
"1198","C_1198","T cell"
"1199","C_1199","T cell"
"1200","C_1200","T cell"
"1201","C_1201","T cell"
"1202","C_1202","T cell"
"1203","C_1203","T cell"
"1204","C_1204","T cell"
"1205","C_1205","T cell"
"1206","C_1206","T cell"
"1207","C_1207","T cell"
"1208","C_1208","T cell"
"1209","C_1209","T cell"
"1210","C_1210","T cell"
"1211","C_1211","T cell"
"1212","C_1212","T cell"
"1213","C_1213","T cell"
"1214","C_1214","T cell"
"1215","C_1215","T cell"
"1216","C_1216","T cell"
"1217","C_1217","T cell"
"1218","C_1218","T cell"
"1219","C_1219","T cell"
"1220","C_1220","T cell"
"1221","C_1221","T cell"
"1222","C_1222","T cell"
"1223","C_1223","T cell"
"1224","C_1224","T cell"
"1225","C_1225","T cell"
"1226","C_1226","T cell"
"1227","C_1227","T cell"
"1228","C_1228","T cell"
"1229","C_1229","T cell"
"1230","C_1230","T cell"
"1231","C_1231","T cell"
"1232","C_1232","T cell"
"1233","C_1233","T cell"
"1234","C_1234","T cell"
"1235","C_1235","T cell"
"1236","C_1236","T cell"
"1237","C_1237","T cell"
"1238","C_1238","T cell"
"1239","C_1239","T cell"
"1240","C_1240","T cell"
"1241","C_1241","T cell"
"1242","C_1242","T cell"
"1243","C_1243","T cell"
"1244","C_1244","T cell"
"1245","C_1245","T cell"
"1246","C_1246","T cell"
"1247","C_1247","T cell"
"1248","C_1248","T cell"
"1249","C_1249","T cell"
"1250","C_1250","T cell"
"1251","C_1251","T cell"
"1252","C_1252","T cell"
"1253","C_1253","T cell"
"1254","C_1254","T cell"
"1255","C_1255","T cell"
"1256","C_1256","T cell"
"1257","C_1257","T cell"
"1258","C_1258","T cell"
"1259","C_1259","T cell"
"1260","C_1260","T cell"
"1261","C_1261","T cell"
"1262","C_1262","T cell"
"1263","C_1263","T cell"
"1264","C_1264","T cell"
"1265","C_1265","T cell"
"1266","C_1266","T cell"
"1267","C_1267","T cell"
"1268","C_1268","T cell"
"1269","C_1269","T cell"
"1270","C_1270","T cell"
"1271","C_1271","T cell"
"1272","C_1272","T cell"
"1273","C_1273","T cell"
"1274","C_1274","T cell"
"1275","C_1275","T cell"
"1276","C_1276","T cell"
"1277","C_1277","T cell"
"1278","C_1278","T cell"
"1279","C_1279","T cell"
"1280","C_1280","Dendritic cell"
"1281","C_1281","Dendritic cell"
"1282","C_1282","Dendritic cell"
"1283","C_1283","Dendritic cell"
"1284","C_1284","Dendritic cell"
"1285","C_1285","Dendritic cell"
"1286","C_1286","Dendritic cell"
"1287","C_1287","Dendritic cell"
"1288","C_1288","Dendritic cell"
"1289","C_1289","Dendritic cell"
"1290","C_1290","Dendritic cell"
"1291","C_1291","Dendritic cell"
"1292","C_1292","Dendritic cell"
"1293","C_1293","Dendritic cell"
"1294","C_1294","Dendritic cell"
"1295","C_1295","Dendritic cell"
"1296","C_1296","Dendritic cell"
"1297","C_1297","Dendritic cell"
"1298","C_1298","Dendritic cell"
"1299","C_1299","Dendritic cell"
"1300","C_1300","Dendritic cell"
"1301","C_1301","Dendritic cell"
"1302","C_1302","Dendritic cell"
"1303","C_1303","Dendritic cell"
"1304","C_1304","Dendritic cell"
"1305","C_1305","Dendritic cell"
"1306","C_1306","Dendritic cell"
"1307","C_1307","Dendritic cell"
"1308","C_1308","Dendritic cell"
"1309","C_1309","Dendritic cell"
"1310","C_1310","Dendritic cell"
"1311","C_1311","Dendritic cell"
"1312","C_1312","Dendritic cell"
"1313","C_1313","Dendritic cell"
"1314","C_1314","Dendritic cell"
"1315","C_1315","Dendritic cell"
"1316","C_1316","Dendritic cell"
"1317","C_1317","Dendritic cell"
"1318","C_1318","Dendritic cell"
"1319","C_1319","Dendritic cell"
"1320","C_1320","Dendritic cell"
"1321","C_1321","Dendritic cell"
"1322","C_1322","Dendritic cell"
"1323","C_1323","Dendritic cell"
"1324","C_1324","Dendritic cell"
"1325","C_1325","Dendritic cell"
"1326","C_1326","Dendritic cell"
"1327","C_1327","Dendritic cell"
"1328","C_1328","Dendritic cell"
"1329","C_1329","Dendritic cell"
"1330","C_1330","Dendritic cell"
"1331","C_1331","Dendritic cell"
"1332","C_1332","Dendritic cell"
"1333","C_1333","Dendritic cell"
"1334","C_1334","Dendritic cell"
"1335","C_1335","Dendritic cell"
"1336","C_1336","Dendritic cell"
"1337","C_1337","Dendritic cell"
"1338","C_1338","Dendritic cell"
"1339","C_1339","Dendritic cell"
"1340","C_1340","Dendritic cell"
"1341","C_1341","Dendritic cell"
"1342","C_1342","Dendritic cell"
"1343","C_1343","Dendritic cell"
"1344","C_1344","Dendritic cell"
"1345","C_1345","Dendritic cell"
"1346","C_1346","Dendritic cell"
"1347","C_1347","Dendritic cell"
"1348","C_1348","Dendritic cell"
"1349","C_1349","Dendritic cell"
"1350","C_1350","Dendritic cell"
"1351","C_1351","Dendritic cell"
"1352","C_1352","Dendritic cell"
"1353","C_1353","Dendritic cell"
"1354","C_1354","Dendritic cell"
"1355","C_1355","Dendritic cell"
"1356","C_1356","Dendritic cell"
"1357","C_1357","Dendritic cell"
"1358","C_1358","Dendritic cell"
"1359","C_1359","Dendritic cell"
"1360","C_1360","Dendritic cell"
"1361","C_1361","Dendritic cell"
"1362","C_1362","Dendritic cell"
"1363","C_1363","Dendritic cell"
"1364","C_1364","Dendritic cell"
"1365","C_1365","Dendritic cell"
"1366","C_1366","Dendritic cell"
"1367","C_1367","Dendritic cell"
"1368","C_1368","Dendritic cell"
"1369","C_1369","Dendritic cell"
"1370","C_1370","Dendritic cell"
"1371","C_1371","Dendritic cell"
"1372","C_1372","Dendritic cell"
"1373","C_1373","Dendritic cell"
"1374","C_1374","Dendritic cell"
"1375","C_1375","Dendritic cell"
"1376","C_1376","Dendritic cell"
"1377","C_1377","Dendritic cell"
"1378","C_1378","Dendritic cell"
"1379","C_1379","Dendritic cell"
"1380","C_1380","Dendritic cell"
"1381","C_1381","Dendritic cell"
"1382","C_1382","Dendritic cell"
"1383","C_1383","Dendritic cell"
"1384","C_1384","Monocyte"
"1385","C_1385","Monocyte"
"1386","C_1386","Monocyte"
"1387","C_1387","Monocyte"
"1388","C_1388","Monocyte"
"1389","C_1389","Monocyte"
"1390","C_1390","Monocyte"
"1391","C_1391","Monocyte"
"1392","C_1392","Monocyte"
"1393","C_1393","Monocyte"
"1394","C_1394","Monocyte"
"1395","C_1395","Monocyte"
"1396","C_1396","Monocyte"
"1397","C_1397","Monocyte"
"1398","C_1398","Monocyte"
"1399","C_1399","Monocyte"
"1400","C_1400","Monocyte"
"1401","C_1401","Monocyte"
"1402","C_1402","Monocyte"
"1403","C_1403","Monocyte"
"1404","C_1404","Monocyte"
"1405","C_1405","Monocyte"
"1406","C_1406","Monocyte"
"1407","C_1407","Monocyte"
"1408","C_1408","Monocyte"
"1409","C_1409","Monocyte"
"1410","C_1410","Monocyte"
"1411","C_1411","Monocyte"
"1412","C_1412","Monocyte"
"1413","C_1413","Monocyte"
"1414","C_1414","Monocyte"
"1415","C_1415","Monocyte"
"1416","C_1416","Monocyte"
"1417","C_1417","Monocyte"
"1418","C_1418","Monocyte"
"1419","C_1419","Monocyte"
"1420","C_1420","Monocyte"
"1421","C_1421","Monocyte"
"1422","C_1422","Monocyte"
"1423","C_1423","Monocyte"
"1424","C_1424","Monocyte"
"1425","C_1425","Monocyte"
"1426","C_1426","Monocyte"
"1427","C_1427","Monocyte"
"1428","C_1428","Monocyte"
"1429","C_1429","Monocyte"
"1430","C_1430","Monocyte"
"1431","C_1431","Monocyte"
"1432","C_1432","Monocyte"
"1433","C_1433","Monocyte"
"1434","C_1434","Monocyte"
"1435","C_1435","Monocyte"
"1436","C_1436","Monocyte"
"1437","C_1437","Monocyte"
"1438","C_1438","Monocyte"
"1439","C_1439","Monocyte"
"1440","C_1440","Monocyte"
"1441","C_1441","Monocyte"
"1442","C_1442","Monocyte"
"1443","C_1443","Monocyte"
"1444","C_1444","Monocyte"
"1445","C_1445","Monocyte"
"1446","C_1446","Monocyte"
"1447","C_1447","Monocyte"
"1448","C_1448","Monocyte"
"1449","C_1449","Monocyte"
"1450","C_1450","Monocyte"
"1451","C_1451","Monocyte"
"1452","C_1452","Monocyte"
"1453","C_1453","Monocyte"
"1454","C_1454","Monocyte"
"1455","C_1455","Monocyte"
"1456","C_1456","Monocyte"
"1457","C_1457","Monocyte"
"1458","C_1458","Monocyte"
"1459","C_1459","Monocyte"
"1460","C_1460","Monocyte"
"1461","C_1461","Monocyte"
"1462","C_1462","Monocyte"
"1463","C_1463","Monocyte"
"1464","C_1464","Monocyte"
"1465","C_1465","Monocyte"
"1466","C_1466","Monocyte"
"1467","C_1467","Monocyte"
"1468","C_1468","Monocyte"
"1469","C_1469","Monocyte"
"1470","C_1470","Monocyte"
"1471","C_1471","Monocyte"
"1472","C_1472","Monocyte"
"1473","C_1473","Monocyte"
"1474","C_1474","Monocyte"
"1475","C_1475","Monocyte"
"1476","C_1476","Monocyte"
"1477","C_1477","Monocyte"
"1478","C_1478","Monocyte"
"1479","C_1479","Monocyte"
"1480","C_1480","Monocyte"
"1481","C_1481","Monocyte"
"1482","C_1482","Monocyte"
"1483","C_1483","Monocyte"
"1484","C_1484","Monocyte"
"1485","C_1485","Monocyte"
"1486","C_1486","Monocyte"
"1487","C_1487","Monocyte"
"1488","C_1488","Monocyte"
"1489","C_1489","Monocyte"
"1490","C_1490","Monocyte"
"1491","C_1491","Monocyte"
"1492","C_1492","Monocyte"
"1493","C_1493","Monocyte"
"1494","C_1494","Monocyte"
"1495","C_1495","Monocyte"
"1496","C_1496","Monocyte"
"1497","C_1497","Monocyte"
"1498","C_1498","Monocyte"
"1499","C_1499","Monocyte"
"1500","C_1500","Monocyte"
"1501","C_1501","Monocyte"
"1502","C_1502","Monocyte"
"1503","C_1503","Monocyte"
"1504","C_1504","Monocyte"
"1505","C_1505","Monocyte"
"1506","C_1506","Monocyte"
"1507","C_1507","Monocyte"
"1508","C_1508","Monocyte"
"1509","C_1509","Monocyte"
"1510","C_1510","Monocyte"
"1511","C_1511","Monocyte"
"1512","C_1512","Monocyte"
"1513","C_1513","Monocyte"
"1514","C_1514","Monocyte"
"1515","C_1515","Monocyte"
"1516","C_1516","Monocyte"
"1517","C_1517","Monocyte"
"1518","C_1518","Monocyte"
"1519","C_1519","Monocyte"
"1520","C_1520","Monocyte"
"1521","C_1521","Monocyte"
"1522","C_1522","Monocyte"
"1523","C_1523","Monocyte"
"1524","C_1524","Monocyte"
"1525","C_1525","Monocyte"
"1526","C_1526","Monocyte"
"1527","C_1527","Monocyte"
"1528","C_1528","Monocyte"
"1529","C_1529","Monocyte"
"1530","C_1530","Monocyte"
"1531","C_1531","Monocyte"
"1532","C_1532","Monocyte"
"1533","C_1533","Monocyte"
"1534","C_1534","Monocyte"
"1535","C_1535","Monocyte"
"1536","C_1536","Monocyte"
"1537","C_1537","Monocyte"
"1538","C_1538","Monocyte"
"1539","C_1539","Monocyte"
"1540","C_1540","Monocyte"
"1541","C_1541","Monocyte"
"1542","C_1542","Monocyte"
"1543","C_1543","Monocyte"
"1544","C_1544","Monocyte"
"1545","C_1545","Monocyte"
"1546","C_1546","Monocyte"
"1547","C_1547","Monocyte"
"1548","C_1548","Monocyte"
"1549","C_1549","Monocyte"
"1550","C_1550","Monocyte"
"1551","C_1551","Monocyte"
"1552","C_1552","Monocyte"
"1553","C_1553","Monocyte"
"1554","C_1554","Monocyte"
"1555","C_1555","Monocyte"
"1556","C_1556","Monocyte"
"1557","C_1557","Monocyte"
"1558","C_1558","Monocyte"
"1559","C_1559","Monocyte"
"1560","C_1560","Monocyte"
"1561","C_1561","Monocyte"
"1562","C_1562","Monocyte"
"1563","C_1563","Monocyte"
"1564","C_1564","Monocyte"
"1565","C_1565","Monocyte"
"1566","C_1566","Monocyte"
"1567","C_1567","Monocyte"
"1568","C_1568","Monocyte"
"1569","C_1569","Monocyte"
"1570","C_1570","Monocyte"
"1571","C_1571","Monocyte"
"1572","C_1572","Monocyte"
"1573","C_1573","Monocyte"
"1574","C_1574","Monocyte"
"1575","C_1575","Monocyte"
"1576","C_1576","Monocyte"
"1577","C_1577","Monocyte"
"1578","C_1578","Monocyte"
"1579","C_1579","Monocyte"
"1580","C_1580","Monocyte"
"1581","C_1581","Monocyte"
"1582","C_1582","Monocyte"
"1583","C_1583","Monocyte"
"1584","C_1584","Monocyte"
"1585","C_1585","Monocyte"
"1586","C_1586","Monocyte"
"1587","C_1587","Monocyte"
"1588","C_1588","Monocyte"
"1589","C_1589","Monocyte"
"1590","C_1590","Monocyte"
"1591","C_1591","Monocyte"
"1592","C_1592","Monocyte"
"1593","C_1593","Monocyte"
"1594","C_1594","Monocyte"
"1595","C_1595","Monocyte"
"1596","C_1596","Monocyte"
"1597","C_1597","Monocyte"
"1598","C_1598","Monocyte"
"1599","C_1599","Monocyte"
"1600","C_1600","Monocyte"
"1601","C_1601","Monocyte"
"1602","C_1602","Monocyte"
"1603","C_1603","Monocyte"
"1604","C_1604","Monocyte"
"1605","C_1605","Monocyte"
"1606","C_1606","Monocyte"
"1607","C_1607","Monocyte"
"1608","C_1608","Monocyte"
"1609","C_1609","Monocyte"
"1610","C_1610","Monocyte"
"1611","C_1611","Monocyte"
"1612","C_1612","Monocyte"
"1613","C_1613","Monocyte"
"1614","C_1614","Monocyte"
"1615","C_1615","Monocyte"
"1616","C_1616","Monocyte"
"1617","C_1617","Monocyte"
"1618","C_1618","Monocyte"
"1619","C_1619","Monocyte"
"1620","C_1620","Monocyte"
"1621","C_1621","Monocyte"
"1622","C_1622","Monocyte"
"1623","C_1623","Monocyte"
"1624","C_1624","Monocyte"
"1625","C_1625","Monocyte"
"1626","C_1626","Monocyte"
"1627","C_1627","Monocyte"
"1628","C_1628","Monocyte"
"1629","C_1629","Monocyte"
"1630","C_1630","Monocyte"
"1631","C_1631","Monocyte"
"1632","C_1632","Monocyte"
"1633","C_1633","Monocyte"
"1634","C_1634","Monocyte"
"1635","C_1635","Monocyte"
"1636","C_1636","Monocyte"
"1637","C_1637","Monocyte"
"1638","C_1638","Monocyte"
"1639","C_1639","Monocyte"
"1640","C_1640","Monocyte"
"1641","C_1641","Monocyte"
"1642","C_1642","Monocyte"
"1643","C_1643","Monocyte"
"1644","C_1644","Monocyte"
"1645","C_1645","Monocyte"
"1646","C_1646","Monocyte"
"1647","C_1647","Monocyte"
"1648","C_1648","Monocyte"
"1649","C_1649","Monocyte"
"1650","C_1650","Monocyte"
"1651","C_1651","Monocyte"
"1652","C_1652","Monocyte"
"1653","C_1653","Monocyte"
"1654","C_1654","Monocyte"
"1655","C_1655","Monocyte"
"1656","C_1656","Monocyte"
"1657","C_1657","Monocyte"
"1658","C_1658","Monocyte"
"1659","C_1659","Monocyte"
"1660","C_1660","Monocyte"
"1661","C_1661","Monocyte"
"1662","C_1662","Monocyte"
"1663","C_1663","Monocyte"
"1664","C_1664","Monocyte"
"1665","C_1665","Monocyte"
"1666","C_1666","Monocyte"
"1667","C_1667","Monocyte"
"1668","C_1668","Monocyte"
"1669","C_1669","Monocyte"
"1670","C_1670","Monocyte"
"1671","C_1671","Monocyte"
"1672","C_1672","Monocyte"
"1673","C_1673","Monocyte"
"1674","C_1674","Monocyte"
"1675","C_1675","Monocyte"
"1676","C_1676","Monocyte"
"1677","C_1677","Monocyte"
"1678","C_1678","Monocyte"
"1679","C_1679","Monocyte"
"1680","C_1680","Monocyte"
"1681","C_1681","Monocyte"
"1682","C_1682","Monocyte"
"1683","C_1683","Monocyte"
"1684","C_1684","Monocyte"
"1685","C_1685","Monocyte"
"1686","C_1686","Monocyte"
"1687","C_1687","Monocyte"
"1688","C_1688","Monocyte"
"1689","C_1689","Monocyte"
"1690","C_1690","Monocyte"
"1691","C_1691","Monocyte"
"1692","C_1692","Monocyte"
"1693","C_1693","Monocyte"
"1694","C_1694","Monocyte"
"1695","C_1695","Monocyte"
"1696","C_1696","Monocyte"
"1697","C_1697","Monocyte"
"1698","C_1698","Monocyte"
"1699","C_1699","Monocyte"
"1700","C_1700","Monocyte"
"1701","C_1701","Monocyte"
"1702","C_1702","Monocyte"
"1703","C_1703","Monocyte"
"1704","C_1704","Monocyte"
"1705","C_1705","Monocyte"
"1706","C_1706","Monocyte"
"1707","C_1707","Monocyte"
"1708","C_1708","Monocyte"
"1709","C_1709","Monocyte"
"1710","C_1710","Monocyte"
"1711","C_1711","Monocyte"
"1712","C_1712","Monocyte"
"1713","C_1713","Monocyte"
"1714","C_1714","Monocyte"
"1715","C_1715","Monocyte"
"1716","C_1716","Monocyte"
"1717","C_1717","Monocyte"
"1718","C_1718","Monocyte"
"1719","C_1719","Monocyte"
"1720","C_1720","Monocyte"
"1721","C_1721","Monocyte"
"1722","C_1722","Monocyte"
"1723","C_1723","Monocyte"
"1724","C_1724","Monocyte"
"1725","C_1725","Monocyte"
"1726","C_1726","Monocyte"
"1727","C_1727","Monocyte"
"1728","C_1728","Monocyte"
"1729","C_1729","Monocyte"
"1730","C_1730","Monocyte"
"1731","C_1731","Monocyte"
"1732","C_1732","Monocyte"
"1733","C_1733","Monocyte"
"1734","C_1734","Monocyte"
"1735","C_1735","Monocyte"
"1736","C_1736","Monocyte"
"1737","C_1737","Monocyte"
"1738","C_1738","Monocyte"
"1739","C_1739","Monocyte"
"1740","C_1740","Monocyte"
"1741","C_1741","Monocyte"
"1742","C_1742","Monocyte"
"1743","C_1743","Monocyte"
"1744","C_1744","Monocyte"
"1745","C_1745","Monocyte"
"1746","C_1746","Monocyte"
"1747","C_1747","Monocyte"
"1748","C_1748","Monocyte"
"1749","C_1749","Monocyte"
"1750","C_1750","Monocyte"
"1751","C_1751","Monocyte"
"1752","C_1752","Monocyte"
"1753","C_1753","Monocyte"
"1754","C_1754","Monocyte"
"1755","C_1755","Monocyte"
"1756","C_1756","Monocyte"
"1757","C_1757","Monocyte"
"1758","C_1758","Monocyte"
"1759","C_1759","Monocyte"
"1760","C_1760","Monocyte"
"1761","C_1761","Monocyte"
"1762","C_1762","Monocyte"
"1763","C_1763","Monocyte"
"1764","C_1764","Monocyte"
"1765","C_1765","Monocyte"
"1766","C_1766","Monocyte"
"1767","C_1767","Monocyte"
"1768","C_1768","Monocyte"
"1769","C_1769","Monocyte"
"1770","C_1770","Monocyte"
"1771","C_1771","Monocyte"
"1772","C_1772","Monocyte"
"1773","C_1773","Monocyte"
"1774","C_1774","Monocyte"
"1775","C_1775","Monocyte"
"1776","C_1776","Monocyte"
"1777","C_1777","Monocyte"
"1778","C_1778","Monocyte"
"1779","C_1779","Monocyte"
"1780","C_1780","Monocyte"
"1781","C_1781","Monocyte"
"1782","C_1782","Monocyte"
"1783","C_1783","Monocyte"
"1784","C_1784","Monocyte"
"1785","C_1785","Monocyte"
"1786","C_1786","Monocyte"
"1787","C_1787","Monocyte"
"1788","C_1788","Monocyte"
"1789","C_1789","Monocyte"
"1790","C_1790","Monocyte"
"1791","C_1791","Monocyte"
"1792","C_1792","Monocyte"
"1793","C_1793","Monocyte"
"1794","C_1794","Monocyte"
"1795","C_1795","Monocyte"
"1796","C_1796","Monocyte"
"1797","C_1797","Monocyte"
"1798","C_1798","Monocyte"
"1799","C_1799","Monocyte"
"1800","C_1800","Monocyte"
"1801","C_1801","Monocyte"
"1802","C_1802","Monocyte"
"1803","C_1803","Monocyte"
"1804","C_1804","Monocyte"
"1805","C_1805","Monocyte"
"1806","C_1806","Monocyte"
"1807","C_1807","Monocyte"
"1808","C_1808","Monocyte"
"1809","C_1809","Monocyte"
"1810","C_1810","Monocyte"
"1811","C_1811","Monocyte"
"1812","C_1812","Monocyte"
"1813","C_1813","Monocyte"
"1814","C_1814","Monocyte"
"1815","C_1815","Monocyte"
"1816","C_1816","Monocyte"
"1817","C_1817","Monocyte"
"1818","C_1818","Monocyte"
"1819","C_1819","Monocyte"
"1820","C_1820","Monocyte"
"1821","C_1821","Monocyte"
"1822","C_1822","Monocyte"
"1823","C_1823","Monocyte"
"1824","C_1824","Monocyte"
"1825","C_1825","Monocyte"
"1826","C_1826","Monocyte"
"1827","C_1827","Monocyte"
"1828","C_1828","Monocyte"
"1829","C_1829","Monocyte"
"1830","C_1830","Monocyte"
"1831","C_1831","Monocyte"
"1832","C_1832","Monocyte"
"1833","C_1833","Monocyte"
"1834","C_1834","Monocyte"
"1835","C_1835","Monocyte"
"1836","C_1836","Monocyte"
"1837","C_1837","Monocyte"
"1838","C_1838","Monocyte"
"1839","C_1839","Monocyte"
"1840","C_1840","Monocyte"
"1841","C_1841","Monocyte"
"1842","C_1842","Monocyte"
"1843","C_1843","Monocyte"
"1844","C_1844","Monocyte"
"1845","C_1845","Monocyte"
"1846","C_1846","Monocyte"
"1847","C_1847","Monocyte"
"1848","C_1848","Monocyte"
"1849","C_1849","Monocyte"
"1850","C_1850","Monocyte"
"1851","C_1851","Monocyte"
"1852","C_1852","Monocyte"
"1853","C_1853","Monocyte"
"1854","C_1854","Monocyte"
"1855","C_1855","Monocyte"
"1856","C_1856","Monocyte"
"1857","C_1857","Monocyte"
"1858","C_1858","Monocyte"
"1859","C_1859","Monocyte"
"1860","C_1860","Monocyte"
"1861","C_1861","Monocyte"
"1862","C_1862","Monocyte"
"1863","C_1863","Monocyte"
"1864","C_1864","Monocyte"
"1865","C_1865","Monocyte"
"1866","C_1866","Monocyte"
"1867","C_1867","Monocyte"
"1868","C_1868","Monocyte"
"1869","C_1869","Monocyte"
"1870","C_1870","Monocyte"
"1871","C_1871","Monocyte"
"1872","C_1872","Monocyte"
"1873","C_1873","Monocyte"
"1874","C_1874","Monocyte"
"1875","C_1875","Monocyte"
"1876","C_1876","Monocyte"
"1877","C_1877","Monocyte"
"1878","C_1878","Monocyte"
"1879","C_1879","Monocyte"
"1880","C_1880","Monocyte"
"1881","C_1881","Monocyte"
"1882","C_1882","Monocyte"
"1883","C_1883","Monocyte"
"1884","C_1884","Monocyte"
"1885","C_1885","Monocyte"
"1886","C_1886","Monocyte"
"1887","C_1887","Monocyte"
"1888","C_1888","Monocyte"
"1889","C_1889","Monocyte"
"1890","C_1890","Monocyte"
"1891","C_1891","Monocyte"
"1892","C_1892","Monocyte"
"1893","C_1893","Monocyte"
"1894","C_1894","Monocyte"
"1895","C_1895","Monocyte"
"1896","C_1896","Monocyte"
"1897","C_1897","Monocyte"
"1898","C_1898","Monocyte"
"1899","C_1899","Monocyte"
"1900","C_1900","Monocyte"
"1901","C_1901","Monocyte"
"1902","C_1902","Monocyte"
"1903","C_1903","Monocyte"
"1904","C_1904","Monocyte"
"1905","C_1905","Monocyte"
"1906","C_1906","Monocyte"
"1907","C_1907","Monocyte"
"1908","C_1908","Monocyte"
"1909","C_1909","Monocyte"
"1910","C_1910","Monocyte"
"1911","C_1911","Monocyte"
"1912","C_1912","Monocyte"
"1913","C_1913","Monocyte"
"1914","C_1914","Monocyte"
"1915","C_1915","Monocyte"
"1916","C_1916","Monocyte"
"1917","C_1917","Monocyte"
"1918","C_1918","Monocyte"
"1919","C_1919","Monocyte"
"1920","C_1920","Monocyte"
"1921","C_1921","Monocyte"
"1922","C_1922","Monocyte"
"1923","C_1923","Monocyte"
"1924","C_1924","Monocyte"
"1925","C_1925","Monocyte"
"1926","C_1926","Monocyte"
"1927","C_1927","Monocyte"
"1928","C_1928","Monocyte"
"1929","C_1929","Monocyte"
"1930","C_1930","Monocyte"
"1931","C_1931","Monocyte"
"1932","C_1932","Monocyte"
"1933","C_1933","Monocyte"
"1934","C_1934","Monocyte"
"1935","C_1935","Monocyte"
"1936","C_1936","Monocyte"
"1937","C_1937","Monocyte"
"1938","C_1938","Monocyte"
"1939","C_1939","Monocyte"
"1940","C_1940","Monocyte"
"1941","C_1941","Monocyte"
"1942","C_1942","Monocyte"
"1943","C_1943","Monocyte"
"1944","C_1944","Monocyte"
"1945","C_1945","Monocyte"
"1946","C_1946","Monocyte"
"1947","C_1947","Monocyte"
"1948","C_1948","Monocyte"
"1949","C_1949","Monocyte"
"1950","C_1950","Monocyte"
"1951","C_1951","Monocyte"
"1952","C_1952","Monocyte"
"1953","C_1953","Monocyte"
"1954","C_1954","Monocyte"
"1955","C_1955","Monocyte"
"1956","C_1956","Monocyte"
"1957","C_1957","Monocyte"
"1958","C_1958","Monocyte"
"1959","C_1959","Monocyte"
"1960","C_1960","Monocyte"
"1961","C_1961","Monocyte"
"1962","C_1962","Monocyte"
"1963","C_1963","Monocyte"
"1964","C_1964","Monocyte"
"1965","C_1965","Monocyte"
"1966","C_1966","Monocyte"
"1967","C_1967","Monocyte"
"1968","C_1968","Monocyte"
"1969","C_1969","Monocyte"
"1970","C_1970","Monocyte"
"1971","C_1971","Monocyte"
"1972","C_1972","Monocyte"
"1973","C_1973","Monocyte"
"1974","C_1974","Monocyte"
"1975","C_1975","Monocyte"
"1976","C_1976","Monocyte"
"1977","C_1977","Monocyte"
"1978","C_1978","Monocyte"
"1979","C_1979","Monocyte"
"1980","C_1980","Monocyte"
"1981","C_1981","Monocyte"
"1982","C_1982","Monocyte"
"1983","C_1983","Monocyte"
"1984","C_1984","Monocyte"
"1985","C_1985","Monocyte"
"1986","C_1986","Monocyte"
"1987","C_1987","Monocyte"
"1988","C_1988","Monocyte"
"1989","C_1989","Monocyte"
"1990","C_1990","Monocyte"
"1991","C_1991","Monocyte"
"1992","C_1992","Monocyte"
"1993","C_1993","Monocyte"
"1994","C_1994","Monocyte"
"1995","C_1995","Monocyte"
"1996","C_1996","Monocyte"
"1997","C_1997","Monocyte"
"1998","C_1998","Monocyte"
"1999","C_1999","Monocyte"
"2000","C_2000","Monocyte"
"2001","C_2001","Monocyte"
"2002","C_2002","Monocyte"
"2003","C_2003","Monocyte"
"2004","C_2004","Monocyte"
"2005","C_2005","Monocyte"
"2006","C_2006","Monocyte"
"2007","C_2007","Monocyte"
"2008","C_2008","Monocyte"
"2009","C_2009","Monocyte"
"2010","C_2010","Monocyte"
"2011","C_2011","Monocyte"
"2012","C_2012","Monocyte"
"2013","C_2013","Monocyte"
"2014","C_2014","Monocyte"
"2015","C_2015","Monocyte"
"2016","C_2016","Monocyte"
"2017","C_2017","Monocyte"
"2018","C_2018","Monocyte"
"2019","C_2019","Monocyte"
"2020","C_2020","Monocyte"
"2021","C_2021","Monocyte"
"2022","C_2022","Monocyte"
"2023","C_2023","Monocyte"
"2024","C_2024","Monocyte"
"2025","C_2025","Monocyte"
"2026","C_2026","Monocyte"
"2027","C_2027","Monocyte"
"2028","C_2028","Monocyte"
"2029","C_2029","Monocyte"
"2030","C_2030","Monocyte"
"2031","C_2031","Monocyte"
"2032","C_2032","Monocyte"
"2033","C_2033","Monocyte"
"2034","C_2034","Monocyte"
"2035","C_2035","Monocyte"
"2036","C_2036","Monocyte"
"2037","C_2037","Monocyte"
"2038","C_2038","Monocyte"
"2039","C_2039","Monocyte"
"2040","C_2040","Monocyte"
"2041","C_2041","Monocyte"
"2042","C_2042","Monocyte"
"2043","C_2043","Monocyte"
"2044","C_2044","Monocyte"
"2045","C_2045","Monocyte"
"2046","C_2046","Monocyte"
"2047","C_2047","Monocyte"
"2048","C_2048","Monocyte"
"2049","C_2049","Monocyte"
"2050","C_2050","Monocyte"
"2051","C_2051","Monocyte"
"2052","C_2052","Monocyte"
"2053","C_2053","Monocyte"
"2054","C_2054","Monocyte"
"2055","C_2055","Monocyte"
"2056","C_2056","Monocyte"
"2057","C_2057","Monocyte"
"2058","C_2058","Monocyte"
"2059","C_2059","Monocyte"
"2060","C_2060","Monocyte"
"2061","C_2061","Monocyte"
"2062","C_2062","Monocyte"
"2063","C_2063","Monocyte"
"2064","C_2064","Monocyte"
"2065","C_2065","Monocyte"
"2066","C_2066","Monocyte"
"2067","C_2067","Monocyte"
"2068","C_2068","Monocyte"
"2069","C_2069","Monocyte"
"2070","C_2070","Monocyte"
"2071","C_2071","Monocyte"
"2072","C_2072","Monocyte"
"2073","C_2073","Monocyte"
"2074","C_2074","Monocyte"
"2075","C_2075","Monocyte"
"2076","C_2076","Monocyte"
"2077","C_2077","Monocyte"
"2078","C_2078","Monocyte"
"2079","C_2079","Monocyte"
"2080","C_2080","Monocyte"
"2081","C_2081","Monocyte"
"2082","C_2082","Monocyte"
"2083","C_2083","Monocyte"
"2084","C_2084","Monocyte"
"2085","C_2085","Monocyte"
"2086","C_2086","Monocyte"
"2087","C_2087","Monocyte"
"2088","C_2088","Monocyte"
"2089","C_2089","Monocyte"
"2090","C_2090","Monocyte"
"2091","C_2091","Monocyte"
"2092","C_2092","Monocyte"
"2093","C_2093","Monocyte"
"2094","C_2094","Monocyte"
"2095","C_2095","Monocyte"
"2096","C_2096","Monocyte"
"2097","C_2097","Monocyte"
"2098","C_2098","Monocyte"
"2099","C_2099","Monocyte"
"2100","C_2100","Monocyte"
"2101","C_2101","Monocyte"
"2102","C_2102","Monocyte"
"2103","C_2103","Monocyte"
"2104","C_2104","Monocyte"
"2105","C_2105","Monocyte"
"2106","C_2106","Monocyte"
"2107","C_2107","Monocyte"
"2108","C_2108","Monocyte"
"2109","C_2109","Monocyte"
"2110","C_2110","Monocyte"
"2111","C_2111","Monocyte"
"2112","C_2112","Monocyte"
"2113","C_2113","Monocyte"
"2114","C_2114","Monocyte"
"2115","C_2115","Monocyte"
"2116","C_2116","Monocyte"
"2117","C_2117","Monocyte"
"2118","C_2118","Monocyte"
"2119","C_2119","Monocyte"
"2120","C_2120","Monocyte"
"2121","C_2121","Monocyte"
"2122","C_2122","Monocyte"
"2123","C_2123","Monocyte"
"2124","C_2124","Monocyte"
"2125","C_2125","Monocyte"
"2126","C_2126","Monocyte"
"2127","C_2127","Monocyte"
"2128","C_2128","Monocyte"
"2129","C_2129","Monocyte"
"2130","C_2130","Monocyte"
"2131","C_2131","Monocyte"
"2132","C_2132","Monocyte"
"2133","C_2133","Monocyte"
"2134","C_2134","Monocyte"
"2135","C_2135","Monocyte"
"2136","C_2136","Monocyte"
"2137","C_2137","Monocyte"
"2138","C_2138","Monocyte"
"2139","C_2139","Monocyte"
"2140","C_2140","Monocyte"
"2141","C_2141","Monocyte"
"2142","C_2142","Monocyte"
"2143","C_2143","Monocyte"
"2144","C_2144","Monocyte"
"2145","C_2145","Monocyte"
"2146","C_2146","Monocyte"
"2147","C_2147","Monocyte"
"2148","C_2148","Monocyte"
"2149","C_2149","Monocyte"
"2150","C_2150","Monocyte"
"2151","C_2151","Monocyte"
"2152","C_2152","Monocyte"
"2153","C_2153","Monocyte"
"2154","C_2154","Monocyte"
"2155","C_2155","Monocyte"
"2156","C_2156","Monocyte"
"2157","C_2157","Monocyte"
"2158","C_2158","Monocyte"
"2159","C_2159","Monocyte"
"2160","C_2160","Monocyte"
"2161","C_2161","Monocyte"
"2162","C_2162","Monocyte"
"2163","C_2163","Monocyte"
"2164","C_2164","Monocyte"
"2165","C_2165","Monocyte"
"2166","C_2166","Monocyte"
"2167","C_2167","Monocyte"
"2168","C_2168","Monocyte"
"2169","C_2169","Monocyte"
"2170","C_2170","Monocyte"
"2171","C_2171","Monocyte"
"2172","C_2172","Monocyte"
"2173","C_2173","Monocyte"
"2174","C_2174","Monocyte"
"2175","C_2175","Monocyte"
"2176","C_2176","Monocyte"
"2177","C_2177","Monocyte"
"2178","C_2178","Monocyte"
"2179","C_2179","Monocyte"
"2180","C_2180","Monocyte"
"2181","C_2181","Monocyte"
"2182","C_2182","Monocyte"
"2183","C_2183","Monocyte"
"2184","C_2184","Monocyte"
"2185","C_2185","Monocyte"
"2186","C_2186","Monocyte"
"2187","C_2187","Monocyte"
"2188","C_2188","Monocyte"
"2189","C_2189","Monocyte"
"2190","C_2190","Monocyte"
"2191","C_2191","Monocyte"
"2192","C_2192","Monocyte"
"2193","C_2193","Monocyte"
"2194","C_2194","Monocyte"
"2195","C_2195","Monocyte"
"2196","C_2196","Monocyte"
"2197","C_2197","Monocyte"
"2198","C_2198","Monocyte"
"2199","C_2199","Monocyte"
"2200","C_2200","Monocyte"
"2201","C_2201","Monocyte"
"2202","C_2202","Monocyte"
"2203","C_2203","Monocyte"
"2204","C_2204","Monocyte"
"2205","C_2205","Monocyte"
"2206","C_2206","Monocyte"
"2207","C_2207","Monocyte"
"2208","C_2208","Monocyte"
"2209","C_2209","Monocyte"
"2210","C_2210","Monocyte"
"2211","C_2211","Monocyte"
"2212","C_2212","Monocyte"
"2213","C_2213","Monocyte"
"2214","C_2214","Monocyte"
"2215","C_2215","Monocyte"
"2216","C_2216","Monocyte"
"2217","C_2217","Monocyte"
"2218","C_2218","Monocyte"
"2219","C_2219","Monocyte"
"2220","C_2220","Monocyte"
"2221","C_2221","Monocyte"
"2222","C_2222","Monocyte"
"2223","C_2223","Monocyte"
"2224","C_2224","Monocyte"
"2225","C_2225","Monocyte"
"2226","C_2226","Monocyte"
"2227","C_2227","Monocyte"
"2228","C_2228","Monocyte"
"2229","C_2229","Monocyte"
"2230","C_2230","Monocyte"
"2231","C_2231","Monocyte"
"2232","C_2232","Monocyte"
"2233","C_2233","Monocyte"
"2234","C_2234","Monocyte"
"2235","C_2235","Monocyte"
"2236","C_2236","Monocyte"
"2237","C_2237","Monocyte"
"2238","C_2238","Monocyte"
"2239","C_2239","Monocyte"
"2240","C_2240","Monocyte"
"2241","C_2241","Monocyte"
"2242","C_2242","Monocyte"
"2243","C_2243","Monocyte"
"2244","C_2244","Monocyte"
"2245","C_2245","Monocyte"
"2246","C_2246","Monocyte"
"2247","C_2247","Monocyte"
"2248","C_2248","Monocyte"
"2249","C_2249","Monocyte"
"2250","C_2250","Monocyte"
"2251","C_2251","Monocyte"
"2252","C_2252","Monocyte"
"2253","C_2253","Monocyte"
"2254","C_2254","Monocyte"
"2255","C_2255","Monocyte"
"2256","C_2256","Monocyte"
"2257","C_2257","Monocyte"
"2258","C_2258","Monocyte"
"2259","C_2259","Monocyte"
"2260","C_2260","Monocyte"
"2261","C_2261","Monocyte"
"2262","C_2262","Monocyte"
"2263","C_2263","Monocyte"
"2264","C_2264","Monocyte"
"2265","C_2265","Monocyte"
"2266","C_2266","Monocyte"
"2267","C_2267","Monocyte"
"2268","C_2268","Monocyte"
"2269","C_2269","Monocyte"
"2270","C_2270","Monocyte"
"2271","C_2271","Monocyte"
"2272","C_2272","Monocyte"
"2273","C_2273","Monocyte"
"2274","C_2274","Monocyte"
"2275","C_2275","Monocyte"
"2276","C_2276","Monocyte"
"2277","C_2277","Monocyte"
"2278","C_2278","Monocyte"
"2279","C_2279","Monocyte"
"2280","C_2280","Monocyte"
"2281","C_2281","Monocyte"
"2282","C_2282","Monocyte"
"2283","C_2283","Monocyte"
"2284","C_2284","Monocyte"
"2285","C_2285","Monocyte"
"2286","C_2286","Monocyte"
"2287","C_2287","Monocyte"
"2288","C_2288","Monocyte"
"2289","C_2289","Monocyte"
"2290","C_2290","Monocyte"
"2291","C_2291","Monocyte"
"2292","C_2292","Monocyte"
"2293","C_2293","Monocyte"
"2294","C_2294","Monocyte"
"2295","C_2295","Monocyte"
"2296","C_2296","Monocyte"
"2297","C_2297","Monocyte"
"2298","C_2298","Monocyte"
"2299","C_2299","Monocyte"
"2300","C_2300","Monocyte"
"2301","C_2301","Monocyte"
"2302","C_2302","Monocyte"
"2303","C_2303","Monocyte"
"2304","C_2304","Monocyte"
"2305","C_2305","Monocyte"
"2306","C_2306","Monocyte"
"2307","C_2307","Monocyte"
"2308","C_2308","Monocyte"
"2309","C_2309","Monocyte"
"2310","C_2310","Monocyte"
"2311","C_2311","Monocyte"
"2312","C_2312","Monocyte"
"2313","C_2313","Monocyte"
"2314","C_2314","Monocyte"
"2315","C_2315","Monocyte"
"2316","C_2316","Monocyte"
"2317","C_2317","Monocyte"
"2318","C_2318","Monocyte"
"2319","C_2319","Monocyte"
"2320","C_2320","Monocyte"
"2321","C_2321","Monocyte"
"2322","C_2322","Monocyte"
"2323","C_2323","Monocyte"
"2324","C_2324","Monocyte"
"2325","C_2325","Monocyte"
"2326","C_2326","Monocyte"
"2327","C_2327","Monocyte"
"2328","C_2328","Monocyte"
"2329","C_2329","Monocyte"
"2330","C_2330","Monocyte"
"2331","C_2331","Monocyte"
"2332","C_2332","Monocyte"
"2333","C_2333","Monocyte"
"2334","C_2334","Monocyte"
"2335","C_2335","Monocyte"
"2336","C_2336","Monocyte"
"2337","C_2337","Monocyte"
"2338","C_2338","Monocyte"
"2339","C_2339","Monocyte"
"2340","C_2340","Monocyte"
"2341","C_2341","Monocyte"
"2342","C_2342","Monocyte"
"2343","C_2343","Monocyte"
"2344","C_2344","Monocyte"
"2345","C_2345","Monocyte"
"2346","C_2346","Monocyte"
"2347","C_2347","Monocyte"
"2348","C_2348","Monocyte"
"2349","C_2349","Monocyte"
"2350","C_2350","Monocyte"
"2351","C_2351","Monocyte"
"2352","C_2352","Monocyte"
"2353","C_2353","Monocyte"
"2354","C_2354","Monocyte"
"2355","C_2355","Monocyte"
"2356","C_2356","Monocyte"
"2357","C_2357","Monocyte"
"2358","C_2358","Monocyte"
"2359","C_2359","Monocyte"
"2360","C_2360","Monocyte"
"2361","C_2361","Monocyte"
"2362","C_2362","Monocyte"
"2363","C_2363","Monocyte"
"2364","C_2364","Monocyte"
"2365","C_2365","Monocyte"
"2366","C_2366","Monocyte"
"2367","C_2367","Monocyte"
"2368","C_2368","Monocyte"
"2369","C_2369","Monocyte"
"2370","C_2370","Monocyte"
"2371","C_2371","Monocyte"
"2372","C_2372","Monocyte"
"2373","C_2373","Monocyte"
"2374","C_2374","Monocyte"
"2375","C_2375","Monocyte"
"2376","C_2376","Monocyte"
"2377","C_2377","Monocyte"
"2378","C_2378","Monocyte"
"2379","C_2379","Monocyte"
"2380","C_2380","Monocyte"
"2381","C_2381","Monocyte"
"2382","C_2382","Monocyte"
"2383","C_2383","Monocyte"
"2384","C_2384","Monocyte"
"2385","C_2385","Monocyte"
"2386","C_2386","Monocyte"
"2387","C_2387","Monocyte"
"2388","C_2388","Monocyte"
"2389","C_2389","Monocyte"
"2390","C_2390","Monocyte"
"2391","C_2391","Monocyte"
"2392","C_2392","Monocyte"
"2393","C_2393","Monocyte"
"2394","C_2394","Monocyte"
"2395","C_2395","Monocyte"
"2396","C_2396","Monocyte"
"2397","C_2397","Monocyte"
"2398","C_2398","Monocyte"
"2399","C_2399","Monocyte"
"2400","C_2400","Monocyte"
"2401","C_2401","Monocyte"
"2402","C_2402","Monocyte"
"2403","C_2403","Monocyte"
"2404","C_2404","Monocyte"
"2405","C_2405","Monocyte"
"2406","C_2406","Monocyte"
"2407","C_2407","Monocyte"
"2408","C_2408","Monocyte"
"2409","C_2409","Monocyte"
"2410","C_2410","Monocyte"
"2411","C_2411","Monocyte"
"2412","C_2412","Monocyte"
"2413","C_2413","Monocyte"
"2414","C_2414","Monocyte"
"2415","C_2415","Monocyte"
"2416","C_2416","Monocyte"
"2417","C_2417","Monocyte"
"2418","C_2418","Monocyte"
"2419","C_2419","Monocyte"
"2420","C_2420","Monocyte"
"2421","C_2421","Monocyte"
"2422","C_2422","Monocyte"
"2423","C_2423","Monocyte"
"2424","C_2424","Monocyte"
"2425","C_2425","Monocyte"
"2426","C_2426","Monocyte"
"2427","C_2427","Monocyte"
"2428","C_2428","Monocyte"
"2429","C_2429","Monocyte"
"2430","C_2430","Monocyte"
"2431","C_2431","Monocyte"
"2432","C_2432","Monocyte"
"2433","C_2433","Monocyte"
"2434","C_2434","Monocyte"
"2435","C_2435","Monocyte"
"2436","C_2436","Monocyte"
"2437","C_2437","Monocyte"
"2438","C_2438","Monocyte"
"2439","C_2439","Monocyte"
"2440","C_2440","Monocyte"
"2441","C_2441","Monocyte"
"2442","C_2442","Monocyte"
"2443","C_2443","Monocyte"
"2444","C_2444","Monocyte"
"2445","C_2445","Monocyte"
"2446","C_2446","Monocyte"
"2447","C_2447","Monocyte"
"2448","C_2448","Monocyte"
"2449","C_2449","Monocyte"
"2450","C_2450","Monocyte"
"2451","C_2451","Monocyte"
"2452","C_2452","Monocyte"
"2453","C_2453","Monocyte"
"2454","C_2454","Monocyte"
"2455","C_2455","Monocyte"
"2456","C_2456","Monocyte"
"2457","C_2457","Monocyte"
"2458","C_2458","Monocyte"
"2459","C_2459","Monocyte"
"2460","C_2460","Monocyte"
"2461","C_2461","Monocyte"
"2462","C_2462","Monocyte"
"2463","C_2463","Monocyte"
"2464","C_2464","Monocyte"
"2465","C_2465","Monocyte"
"2466","C_2466","Monocyte"
"2467","C_2467","Monocyte"
"2468","C_2468","Monocyte"
"2469","C_2469","Monocyte"
"2470","C_2470","Monocyte"
"2471","C_2471","Monocyte"
"2472","C_2472","Monocyte"
"2473","C_2473","Monocyte"
"2474","C_2474","Monocyte"
"2475","C_2475","Monocyte"
"2476","C_2476","Monocyte"
"2477","C_2477","Monocyte"
"2478","C_2478","Monocyte"
"2479","C_2479","Monocyte"
"2480","C_2480","Monocyte"
"2481","C_2481","Monocyte"
"2482","C_2482","Monocyte"
"2483","C_2483","Monocyte"
"2484","C_2484","Monocyte"
"2485","C_2485","Monocyte"
"2486","C_2486","Monocyte"
"2487","C_2487","Monocyte"
"2488","C_2488","Monocyte"
"2489","C_2489","Monocyte"
"2490","C_2490","Monocyte"
"2491","C_2491","Monocyte"
"2492","C_2492","Monocyte"
"2493","C_2493","Monocyte"
"2494","C_2494","Monocyte"
"2495","C_2495","Monocyte"
"2496","C_2496","Monocyte"
"2497","C_2497","Monocyte"
"2498","C_2498","Monocyte"
"2499","C_2499","Monocyte"
"2500","C_2500","Monocyte"
"2501","C_2501","Monocyte"
"2502","C_2502","Monocyte"
"2503","C_2503","Monocyte"
"2504","C_2504","Monocyte"
"2505","C_2505","Monocyte"
"2506","C_2506","Monocyte"
"2507","C_2507","Monocyte"
"2508","C_2508","Monocyte"
"2509","C_2509","Monocyte"
"2510","C_2510","Monocyte"
"2511","C_2511","Monocyte"
"2512","C_2512","Monocyte"
"2513","C_2513","Monocyte"
"2514","C_2514","Monocyte"
"2515","C_2515","Monocyte"
"2516","C_2516","Monocyte"
"2517","C_2517","Monocyte"
"2518","C_2518","Monocyte"
"2519","C_2519","Monocyte"
"2520","C_2520","Monocyte"
"2521","C_2521","Monocyte"
"2522","C_2522","Monocyte"
"2523","C_2523","Monocyte"
"2524","C_2524","Monocyte"
"2525","C_2525","Monocyte"
"2526","C_2526","Monocyte"
"2527","C_2527","Monocyte"
"2528","C_2528","Monocyte"
"2529","C_2529","Monocyte"
"2530","C_2530","Monocyte"
"2531","C_2531","Monocyte"
"2532","C_2532","Monocyte"
"2533","C_2533","Monocyte"
"2534","C_2534","Monocyte"
"2535","C_2535","Monocyte"
"2536","C_2536","Monocyte"
"2537","C_2537","Monocyte"
"2538","C_2538","Monocyte"
"2539","C_2539","Monocyte"
"2540","C_2540","Monocyte"
"2541","C_2541","Monocyte"
"2542","C_2542","Monocyte"
"2543","C_2543","Monocyte"
"2544","C_2544","Monocyte"
"2545","C_2545","Monocyte"
"2546","C_2546","Monocyte"
"2547","C_2547","Monocyte"
"2548","C_2548","Monocyte"
"2549","C_2549","Monocyte"
"2550","C_2550","Monocyte"
"2551","C_2551","Monocyte"
"2552","C_2552","Monocyte"
"2553","C_2553","Monocyte"
"2554","C_2554","Monocyte"
"2555","C_2555","Monocyte"
"2556","C_2556","Monocyte"
"2557","C_2557","Monocyte"
"2558","C_2558","Monocyte"
"2559","C_2559","Monocyte"
"2560","C_2560","Monocyte"
"2561","C_2561","Monocyte"
"2562","C_2562","Monocyte"
"2563","C_2563","Monocyte"
"2564","C_2564","Monocyte"
"2565","C_2565","Monocyte"
"2566","C_2566","Monocyte"
"2567","C_2567","Monocyte"
"2568","C_2568","Monocyte"
"2569","C_2569","Monocyte"
"2570","C_2570","Monocyte"
"2571","C_2571","Monocyte"
"2572","C_2572","Monocyte"
"2573","C_2573","Monocyte"
"2574","C_2574","Monocyte"
"2575","C_2575","Monocyte"
"2576","C_2576","Monocyte"
"2577","C_2577","Monocyte"
"2578","C_2578","Monocyte"
"2579","C_2579","Monocyte"
"2580","C_2580","Monocyte"
"2581","C_2581","Monocyte"
"2582","C_2582","Monocyte"
"2583","C_2583","Monocyte"
"2584","C_2584","Monocyte"
"2585","C_2585","Monocyte"
"2586","C_2586","Monocyte"
"2587","C_2587","Monocyte"
"2588","C_2588","Monocyte"
"2589","C_2589","Monocyte"
"2590","C_2590","Monocyte"
"2591","C_2591","Monocyte"
"2592","C_2592","Monocyte"
"2593","C_2593","Monocyte"
"2594","C_2594","Monocyte"
"2595","C_2595","Monocyte"
"2596","C_2596","Monocyte"
"2597","C_2597","Monocyte"
"2598","C_2598","Monocyte"
"2599","C_2599","Monocyte"
"2600","C_2600","Monocyte"
"2601","C_2601","Monocyte"
"2602","C_2602","Monocyte"
"2603","C_2603","Monocyte"
"2604","C_2604","Monocyte"
"2605","C_2605","Monocyte"
"2606","C_2606","Monocyte"
"2607","C_2607","Monocyte"
"2608","C_2608","Monocyte"
"2609","C_2609","Monocyte"
"2610","C_2610","Monocyte"
"2611","C_2611","Monocyte"
"2612","C_2612","Monocyte"
"2613","C_2613","Monocyte"
"2614","C_2614","Monocyte"
"2615","C_2615","Monocyte"
"2616","C_2616","Monocyte"
"2617","C_2617","Monocyte"
"2618","C_2618","Monocyte"
"2619","C_2619","Monocyte"
"2620","C_2620","Monocyte"
"2621","C_2621","Monocyte"
"2622","C_2622","Monocyte"
"2623","C_2623","Monocyte"
"2624","C_2624","Monocyte"
"2625","C_2625","Monocyte"
"2626","C_2626","Monocyte"
"2627","C_2627","Monocyte"
"2628","C_2628","Monocyte"
"2629","C_2629","Monocyte"
"2630","C_2630","Monocyte"
"2631","C_2631","Monocyte"
"2632","C_2632","Monocyte"
"2633","C_2633","Monocyte"
"2634","C_2634","Monocyte"
"2635","C_2635","Monocyte"
"2636","C_2636","Monocyte"
"2637","C_2637","Monocyte"
"2638","C_2638","Monocyte"
"2639","C_2639","Monocyte"
"2640","C_2640","Monocyte"
"2641","C_2641","Monocyte"
"2642","C_2642","Monocyte"
"2643","C_2643","Monocyte"
"2644","C_2644","Monocyte"
"2645","C_2645","Monocyte"
"2646","C_2646","Monocyte"
"2647","C_2647","Monocyte"
"2648","C_2648","Monocyte"
"2649","C_2649","Monocyte"
"2650","C_2650","Monocyte"
"2651","C_2651","Monocyte"
"2652","C_2652","Monocyte"
"2653","C_2653","Monocyte"
"2654","C_2654","Monocyte"
"2655","C_2655","Monocyte"
"2656","C_2656","Monocyte"
"2657","C_2657","Monocyte"
"2658","C_2658","Monocyte"
"2659","C_2659","Monocyte"
"2660","C_2660","Monocyte"
"2661","C_2661","Monocyte"
"2662","C_2662","Monocyte"
"2663","C_2663","Monocyte"
"2664","C_2664","Monocyte"
"2665","C_2665","Monocyte"
"2666","C_2666","Monocyte"
"2667","C_2667","Monocyte"
"2668","C_2668","Monocyte"
"2669","C_2669","Monocyte"
"2670","C_2670","Monocyte"
"2671","C_2671","Monocyte"
"2672","C_2672","Monocyte"
"2673","C_2673","Monocyte"
"2674","C_2674","Monocyte"
"2675","C_2675","Monocyte"
"2676","C_2676","Monocyte"
"2677","C_2677","Monocyte"
"2678","C_2678","Monocyte"
"2679","C_2679","Monocyte"
"2680","C_2680","Monocyte"
"2681","C_2681","Monocyte"
"2682","C_2682","Monocyte"
"2683","C_2683","Monocyte"
"2684","C_2684","Monocyte"
"2685","C_2685","Monocyte"
"2686","C_2686","Monocyte"
"2687","C_2687","Monocyte"
"2688","C_2688","Monocyte"
"2689","C_2689","Monocyte"
"2690","C_2690","Monocyte"
"2691","C_2691","Monocyte"
"2692","C_2692","Monocyte"
"2693","C_2693","Monocyte"
"2694","C_2694","Monocyte"
"2695","C_2695","Monocyte"
"2696","C_2696","Monocyte"
"2697","C_2697","Monocyte"
"2698","C_2698","Monocyte"
"2699","C_2699","Monocyte"
"2700","C_2700","Monocyte"
"2701","C_2701","Monocyte"
"2702","C_2702","Monocyte"
"2703","C_2703","Monocyte"
"2704","C_2704","Monocyte"
"2705","C_2705","Monocyte"
"2706","C_2706","Monocyte"
"2707","C_2707","Monocyte"
"2708","C_2708","Monocyte"
"2709","C_2709","Monocyte"
"2710","C_2710","Monocyte"
"2711","C_2711","Monocyte"
"2712","C_2712","Monocyte"
"2713","C_2713","Monocyte"
"2714","C_2714","Monocyte"
"2715","C_2715","Monocyte"
"2716","C_2716","Monocyte"
"2717","C_2717","Monocyte"
"2718","C_2718","Monocyte"
"2719","C_2719","Monocyte"
"2720","C_2720","Monocyte"
"2721","C_2721","Monocyte"
"2722","C_2722","Monocyte"
"2723","C_2723","Monocyte"
"2724","C_2724","Monocyte"
"2725","C_2725","Monocyte"
"2726","C_2726","Monocyte"
"2727","C_2727","Monocyte"
"2728","C_2728","Monocyte"
"2729","C_2729","Monocyte"
"2730","C_2730","Monocyte"
"2731","C_2731","Monocyte"
"2732","C_2732","Monocyte"
"2733","C_2733","Monocyte"
"2734","C_2734","Monocyte"
"2735","C_2735","Monocyte"
"2736","C_2736","Monocyte"
"2737","C_2737","Monocyte"
"2738","C_2738","Monocyte"
"2739","C_2739","Monocyte"
"2740","C_2740","Monocyte"
"2741","C_2741","Monocyte"
"2742","C_2742","Monocyte"
"2743","C_2743","Monocyte"
"2744","C_2744","Monocyte"
"2745","C_2745","Monocyte"
"2746","C_2746","Monocyte"
"2747","C_2747","Monocyte"
"2748","C_2748","Monocyte"
"2749","C_2749","Monocyte"
"2750","C_2750","Monocyte"
"2751","C_2751","Monocyte"
"2752","C_2752","Monocyte"
"2753","C_2753","Monocyte"
"2754","C_2754","Monocyte"
"2755","C_2755","Monocyte"
"2756","C_2756","Monocyte"
"2757","C_2757","Monocyte"
"2758","C_2758","Monocyte"
"2759","C_2759","Monocyte"
"2760","C_2760","Monocyte"
"2761","C_2761","Monocyte"
"2762","C_2762","Monocyte"
"2763","C_2763","Monocyte"
"2764","C_2764","Monocyte"
"2765","C_2765","Monocyte"
"2766","C_2766","Monocyte"
"2767","C_2767","Monocyte"
"2768","C_2768","Monocyte"
"2769","C_2769","Monocyte"
"2770","C_2770","Monocyte"
"2771","C_2771","Monocyte"
"2772","C_2772","Monocyte"
"2773","C_2773","Monocyte"
"2774","C_2774","Monocyte"
"2775","C_2775","Monocyte"
"2776","C_2776","Monocyte"
"2777","C_2777","Monocyte"
"2778","C_2778","Monocyte"
"2779","C_2779","Monocyte"
"2780","C_2780","Monocyte"
"2781","C_2781","Monocyte"
"2782","C_2782","Monocyte"
"2783","C_2783","Monocyte"
"2784","C_2784","Monocyte"
"2785","C_2785","Monocyte"
"2786","C_2786","Monocyte"
"2787","C_2787","Monocyte"
"2788","C_2788","Monocyte"
"2789","C_2789","Monocyte"
"2790","C_2790","Monocyte"
"2791","C_2791","Monocyte"
"2792","C_2792","Monocyte"
"2793","C_2793","Monocyte"
"2794","C_2794","Monocyte"
"2795","C_2795","Monocyte"
"2796","C_2796","Monocyte"
"2797","C_2797","Monocyte"
"2798","C_2798","Monocyte"
"2799","C_2799","Monocyte"
"2800","C_2800","Monocyte"
"2801","C_2801","Monocyte"
"2802","C_2802","Monocyte"
"2803","C_2803","Monocyte"
"2804","C_2804","Monocyte"
"2805","C_2805","Monocyte"
"2806","C_2806","Monocyte"
"2807","C_2807","Monocyte"
"2808","C_2808","Monocyte"
"2809","C_2809","Monocyte"
"2810","C_2810","Monocyte"
"2811","C_2811","Monocyte"
"2812","C_2812","Monocyte"
"2813","C_2813","Monocyte"
"2814","C_2814","Monocyte"
"2815","C_2815","Monocyte"
"2816","C_2816","Monocyte"
"2817","C_2817","Monocyte"
"2818","C_2818","Monocyte"
"2819","C_2819","Monocyte"
"2820","C_2820","Monocyte"
"2821","C_2821","Monocyte"
"2822","C_2822","Monocyte"
"2823","C_2823","Monocyte"
"2824","C_2824","Monocyte"
"2825","C_2825","Monocyte"
"2826","C_2826","Monocyte"
"2827","C_2827","Monocyte"
"2828","C_2828","Monocyte"
"2829","C_2829","Monocyte"
"2830","C_2830","Monocyte"
"2831","C_2831","Monocyte"
"2832","C_2832","Monocyte"
"2833","C_2833","Monocyte"
"2834","C_2834","Monocyte"
"2835","C_2835","Monocyte"
"2836","C_2836","Monocyte"
"2837","C_2837","Monocyte"
"2838","C_2838","Monocyte"
"2839","C_2839","Monocyte"
"2840","C_2840","Monocyte"
"2841","C_2841","Monocyte"
"2842","C_2842","Monocyte"
"2843","C_2843","Monocyte"
"2844","C_2844","Monocyte"
"2845","C_2845","Monocyte"
"2846","C_2846","Monocyte"
"2847","C_2847","Monocyte"
"2848","C_2848","Monocyte"
"2849","C_2849","Monocyte"
"2850","C_2850","Monocyte"
"2851","C_2851","Monocyte"
"2852","C_2852","Monocyte"
"2853","C_2853","Monocyte"
"2854","C_2854","Monocyte"
"2855","C_2855","Monocyte"
"2856","C_2856","Monocyte"
"2857","C_2857","Monocyte"
"2858","C_2858","Monocyte"
"2859","C_2859","Monocyte"
"2860","C_2860","Monocyte"
"2861","C_2861","Monocyte"
"2862","C_2862","Monocyte"
"2863","C_2863","Monocyte"
"2864","C_2864","Monocyte"
"2865","C_2865","Monocyte"
"2866","C_2866","Monocyte"
"2867","C_2867","Monocyte"
"2868","C_2868","Monocyte"
"2869","C_2869","Monocyte"
"2870","C_2870","Monocyte"
"2871","C_2871","Monocyte"
"2872","C_2872","Monocyte"
"2873","C_2873","Monocyte"
"2874","C_2874","Monocyte"
"2875","C_2875","Monocyte"
"2876","C_2876","Monocyte"
"2877","C_2877","Monocyte"
"2878","C_2878","Monocyte"
"2879","C_2879","Monocyte"
"2880","C_2880","Monocyte"
"2881","C_2881","Monocyte"
"2882","C_2882","Monocyte"
"2883","C_2883","Monocyte"
"2884","C_2884","Monocyte"
"2885","C_2885","Monocyte"
"2886","C_2886","Monocyte"
"2887","C_2887","Monocyte"
"2888","C_2888","Monocyte"
"2889","C_2889","Monocyte"
"2890","C_2890","Monocyte"
"2891","C_2891","Monocyte"
"2892","C_2892","Monocyte"
"2893","C_2893","Monocyte"
"2894","C_2894","Monocyte"
"2895","C_2895","Monocyte"
"2896","C_2896","Monocyte"
"2897","C_2897","Monocyte"
"2898","C_2898","Monocyte"
"2899","C_2899","Monocyte"
"2900","C_2900","Monocyte"
"2901","C_2901","Monocyte"
"2902","C_2902","Monocyte"
"2903","C_2903","Monocyte"
"2904","C_2904","Monocyte"
"2905","C_2905","Monocyte"
"2906","C_2906","Monocyte"
"2907","C_2907","Monocyte"
"2908","C_2908","Monocyte"
"2909","C_2909","Monocyte"
"2910","C_2910","Monocyte"
"2911","C_2911","Monocyte"
"2912","C_2912","Monocyte"
"2913","C_2913","Monocyte"
"2914","C_2914","Monocyte"
"2915","C_2915","Monocyte"
"2916","C_2916","Monocyte"
"2917","C_2917","Monocyte"
"2918","C_2918","Monocyte"
"2919","C_2919","Monocyte"
"2920","C_2920","Monocyte"
"2921","C_2921","Monocyte"
"2922","C_2922","Monocyte"
"2923","C_2923","Monocyte"
"2924","C_2924","Monocyte"
"2925","C_2925","Monocyte"
"2926","C_2926","Monocyte"
"2927","C_2927","Monocyte"
"2928","C_2928","Monocyte"
"2929","C_2929","Monocyte"
"2930","C_2930","Monocyte"
"2931","C_2931","Monocyte"
"2932","C_2932","Monocyte"
"2933","C_2933","Monocyte"
"2934","C_2934","Monocyte"
"2935","C_2935","Monocyte"
"2936","C_2936","Monocyte"
"2937","C_2937","Monocyte"
"2938","C_2938","Monocyte"
"2939","C_2939","Monocyte"
"2940","C_2940","Monocyte"
"2941","C_2941","Monocyte"
"2942","C_2942","Monocyte"
"2943","C_2943","Monocyte"
"2944","C_2944","Monocyte"
"2945","C_2945","Monocyte"
"2946","C_2946","Monocyte"
"2947","C_2947","Monocyte"
"2948","C_2948","Monocyte"
"2949","C_2949","Monocyte"
"2950","C_2950","Monocyte"
"2951","C_2951","Monocyte"
"2952","C_2952","Monocyte"
"2953","C_2953","Monocyte"
"2954","C_2954","Monocyte"
"2955","C_2955","Monocyte"
"2956","C_2956","Monocyte"
"2957","C_2957","Monocyte"
"2958","C_2958","Monocyte"
"2959","C_2959","Monocyte"
"2960","C_2960","Monocyte"
"2961","C_2961","Monocyte"
"2962","C_2962","Monocyte"
"2963","C_2963","Monocyte"
"2964","C_2964","Monocyte"
"2965","C_2965","Monocyte"
"2966","C_2966","Monocyte"
"2967","C_2967","Monocyte"
"2968","C_2968","Monocyte"
"2969","C_2969","Monocyte"
"2970","C_2970","Monocyte"
"2971","C_2971","Monocyte"
"2972","C_2972","Monocyte"
"2973","C_2973","Monocyte"
"2974","C_2974","Monocyte"
"2975","C_2975","Monocyte"
"2976","C_2976","Monocyte"
"2977","C_2977","Monocyte"
"2978","C_2978","Monocyte"
"2979","C_2979","Monocyte"
"2980","C_2980","Monocyte"
"2981","C_2981","Monocyte"
"2982","C_2982","Monocyte"
"2983","C_2983","Monocyte"
"2984","C_2984","Monocyte"
"2985","C_2985","Monocyte"
"2986","C_2986","Monocyte"
"2987","C_2987","Monocyte"
"2988","C_2988","Monocyte"
"2989","C_2989","Monocyte"
"2990","C_2990","Monocyte"
"2991","C_2991","Monocyte"
"2992","C_2992","Monocyte"
"2993","C_2993","Monocyte"
"2994","C_2994","Monocyte"
"2995","C_2995","Monocyte"
"2996","C_2996","Monocyte"
"2997","C_2997","Monocyte"
"2998","C_2998","Monocyte"
"2999","C_2999","Monocyte"
"3000","C_3000","Monocyte"
"3001","C_3001","Monocyte"
"3002","C_3002","Monocyte"
"3003","C_3003","Monocyte"
"3004","C_3004","Monocyte"
"3005","C_3005","Monocyte"
"3006","C_3006","Monocyte"
"3007","C_3007","Monocyte"
"3008","C_3008","Monocyte"
"3009","C_3009","Monocyte"
"3010","C_3010","Monocyte"
"3011","C_3011","Monocyte"
"3012","C_3012","Monocyte"
"3013","C_3013","Monocyte"
"3014","C_3014","Monocyte"
"3015","C_3015","Monocyte"
"3016","C_3016","Monocyte"
"3017","C_3017","Monocyte"
"3018","C_3018","Monocyte"
"3019","C_3019","Monocyte"
"3020","C_3020","Monocyte"
"3021","C_3021","Monocyte"
"3022","C_3022","Monocyte"
"3023","C_3023","Monocyte"
"3024","C_3024","Monocyte"
"3025","C_3025","Monocyte"
"3026","C_3026","Monocyte"
"3027","C_3027","Monocyte"
"3028","C_3028","Monocyte"
"3029","C_3029","Monocyte"
"3030","C_3030","Monocyte"
"3031","C_3031","Monocyte"
"3032","C_3032","Monocyte"
"3033","C_3033","Monocyte"
"3034","C_3034","Monocyte"
"3035","C_3035","Monocyte"
"3036","C_3036","Monocyte"
"3037","C_3037","Monocyte"
"3038","C_3038","Monocyte"
"3039","C_3039","Monocyte"
"3040","C_3040","Monocyte"
"3041","C_3041","Monocyte"
"3042","C_3042","Monocyte"
"3043","C_3043","Monocyte"
"3044","C_3044","Monocyte"
"3045","C_3045","Monocyte"
"3046","C_3046","Monocyte"
"3047","C_3047","Monocyte"
"3048","C_3048","Monocyte"
"3049","C_3049","Monocyte"
"3050","C_3050","Monocyte"
"3051","C_3051","Monocyte"
"3052","C_3052","Monocyte"
"3053","C_3053","Monocyte"
"3054","C_3054","Monocyte"
"3055","C_3055","Monocyte"
"3056","C_3056","Monocyte"
"3057","C_3057","Monocyte"
"3058","C_3058","Monocyte"
"3059","C_3059","Monocyte"
"3060","C_3060","Monocyte"
"3061","C_3061","Monocyte"
"3062","C_3062","Monocyte"
"3063","C_3063","Monocyte"
"3064","C_3064","Monocyte"
"3065","C_3065","Monocyte"
"3066","C_3066","Monocyte"
"3067","C_3067","Monocyte"
"3068","C_3068","Monocyte"
"3069","C_3069","Monocyte"
"3070","C_3070","Monocyte"
"3071","C_3071","Monocyte"
"3072","C_3072","Monocyte"
"3073","C_3073","Monocyte"
"3074","C_3074","Monocyte"
"3075","C_3075","Monocyte"
"3076","C_3076","Monocyte"
"3077","C_3077","Monocyte"
"3078","C_3078","Monocyte"
"3079","C_3079","Monocyte"
"3080","C_3080","Monocyte"
"3081","C_3081","Monocyte"
"3082","C_3082","Monocyte"
"3083","C_3083","Monocyte"
"3084","C_3084","Monocyte"
"3085","C_3085","Monocyte"
"3086","C_3086","Monocyte"
"3087","C_3087","Monocyte"
"3088","C_3088","Monocyte"
"3089","C_3089","Monocyte"
"3090","C_3090","Monocyte"
"3091","C_3091","Monocyte"
"3092","C_3092","Monocyte"
"3093","C_3093","Monocyte"
"3094","C_3094","Monocyte"
"3095","C_3095","Monocyte"
"3096","C_3096","Monocyte"
"3097","C_3097","Monocyte"
"3098","C_3098","Monocyte"
"3099","C_3099","Monocyte"
"3100","C_3100","Monocyte"
"3101","C_3101","Monocyte"
"3102","C_3102","Monocyte"
"3103","C_3103","Monocyte"
"3104","C_3104","Monocyte"
"3105","C_3105","Monocyte"
"3106","C_3106","Monocyte"
"3107","C_3107","Monocyte"
"3108","C_3108","Monocyte"
"3109","C_3109","Monocyte"
"3110","C_3110","Monocyte"
"3111","C_3111","Monocyte"
"3112","C_3112","Monocyte"
"3113","C_3113","Monocyte"
"3114","C_3114","Monocyte"
"3115","C_3115","Monocyte"
"3116","C_3116","Monocyte"
"3117","C_3117","Monocyte"
"3118","C_3118","Monocyte"
"3119","C_3119","Monocyte"
"3120","C_3120","Monocyte"
"3121","C_3121","Monocyte"
"3122","C_3122","Monocyte"
"3123","C_3123","Monocyte"
"3124","C_3124","Monocyte"
"3125","C_3125","Monocyte"
"3126","C_3126","Monocyte"
"3127","C_3127","Monocyte"
"3128","C_3128","Monocyte"
"3129","C_3129","Monocyte"
"3130","C_3130","Monocyte"
"3131","C_3131","Monocyte"
"3132","C_3132","Monocyte"
"3133","C_3133","Monocyte"
"3134","C_3134","Monocyte"
"3135","C_3135","Monocyte"
"3136","C_3136","Monocyte"
"3137","C_3137","Monocyte"
"3138","C_3138","Monocyte"
"3139","C_3139","Monocyte"
"3140","C_3140","Monocyte"
"3141","C_3141","Monocyte"
"3142","C_3142","Monocyte"
"3143","C_3143","Monocyte"
"3144","C_3144","Monocyte"
"3145","C_3145","Monocyte"
"3146","C_3146","Monocyte"
"3147","C_3147","Monocyte"
"3148","C_3148","Monocyte"
"3149","C_3149","Monocyte"
"3150","C_3150","Monocyte"
"3151","C_3151","Monocyte"
"3152","C_3152","Monocyte"
"3153","C_3153","Monocyte"
"3154","C_3154","Monocyte"
"3155","C_3155","Monocyte"
"3156","C_3156","Monocyte"
"3157","C_3157","Monocyte"
"3158","C_3158","Monocyte"
"3159","C_3159","Monocyte"
"3160","C_3160","Monocyte"
"3161","C_3161","Monocyte"
"3162","C_3162","Monocyte"
"3163","C_3163","Monocyte"
"3164","C_3164","Monocyte"
"3165","C_3165","Monocyte"
"3166","C_3166","Monocyte"
"3167","C_3167","Monocyte"
"3168","C_3168","Monocyte"
"3169","C_3169","Monocyte"
"3170","C_3170","Monocyte"
"3171","C_3171","Monocyte"
"3172","C_3172","Monocyte"
"3173","C_3173","Monocyte"
"3174","C_3174","Monocyte"
"3175","C_3175","Monocyte"
"3176","C_3176","Monocyte"
"3177","C_3177","Monocyte"
"3178","C_3178","Monocyte"
"3179","C_3179","Monocyte"
"3180","C_3180","Monocyte"
"3181","C_3181","Monocyte"
"3182","C_3182","Monocyte"
"3183","C_3183","Monocyte"
"3184","C_3184","Monocyte"
"3185","C_3185","Monocyte"
"3186","C_3186","Monocyte"
"3187","C_3187","Monocyte"
"3188","C_3188","Monocyte"
"3189","C_3189","Monocyte"
"3190","C_3190","Monocyte"
"3191","C_3191","Monocyte"
"3192","C_3192","Monocyte"
"3193","C_3193","Monocyte"
"3194","C_3194","Monocyte"
"3195","C_3195","Monocyte"
"3196","C_3196","Monocyte"
"3197","C_3197","Monocyte"
"3198","C_3198","Monocyte"
"3199","C_3199","Monocyte"
"3200","C_3200","Monocyte"
"3201","C_3201","Monocyte"
"3202","C_3202","Monocyte"
"3203","C_3203","Monocyte"
"3204","C_3204","Monocyte"
"3205","C_3205","Monocyte"
"3206","C_3206","Monocyte"
"3207","C_3207","Monocyte"
"3208","C_3208","Monocyte"
"3209","C_3209","Monocyte"
"3210","C_3210","Monocyte"
"3211","C_3211","Monocyte"
"3212","C_3212","Monocyte"
"3213","C_3213","Monocyte"
"3214","C_3214","Monocyte"
"3215","C_3215","Monocyte"
"3216","C_3216","Monocyte"
"3217","C_3217","Monocyte"
"3218","C_3218","Monocyte"
"3219","C_3219","Monocyte"
"3220","C_3220","Monocyte"
"3221","C_3221","Monocyte"
"3222","C_3222","Monocyte"
"3223","C_3223","Monocyte"
